n_nodes,rank_mean,rank_std,rank_max,rank_min,rc_mean,rc_std,rc_max,dis_mean,dis_std,dis_max,dio_mean,dio_max,disrx_mean,disrx_max,version_spread,txe_mean,txe_std,rxe_mean,pdr_mean,pdr_min,label,group
3,313.3333333333333,14.197026292697903,333,300,1.3333333333333333,0.4714045207910317,2,0.0,0.0,0,4.333333333333333,5,0.0,0,0,27520.0,6728.883017757603,2352149.3333333335,1.0,1.0,0,data_normal
9,428.77777777777777,92.7467013822268,589,314,3.888888888888889,0.8748897637790901,5,0.1111111111111111,0.31426968052735443,1,6.0,7,0.0,0,0,67488.0,29253.290063778393,9807726.222222222,1.0,1.0,0,data_normal
10,445.7,101.11879152758898,560,304,7.3,1.4177446878757824,9,0.2,0.4000000000000001,1,7.5,9,0.0,0,0,116643.2,59316.299083472826,13608800.8,1.0,1.0,0,data_normal
10,434.1,101.13401999327426,564,299,10.9,1.1357816691600546,12,0.2,0.4000000000000001,1,8.0,10,0.0,0,0,161424.0,79409.90463160121,14109744.4,1.0,1.0,0,data_normal
10,449.0,109.25474818057108,594,291,14.7,1.1874342087037917,16,0.2,0.4000000000000001,1,8.9,11,0.0,0,0,213152.0,104222.98703836885,14636754.8,1.0,1.0,0,data_normal
10,434.2,104.79675567497307,569,304,18.3,1.345362404707371,20,0.2,0.4000000000000001,1,9.4,11,0.0,0,0,255097.6,123447.03403419623,15126418.0,1.0,1.0,0,data_normal
10,435.1,98.83769523820352,556,286,22.2,1.2489995996796797,24,0.2,0.4000000000000001,1,9.9,12,0.0,0,0,304793.6,147121.18850199654,15648327.2,1.0,1.0,0,data_normal
10,431.8,113.98315665044551,546,275,25.6,1.4282856857085702,27,0.2,0.4000000000000001,1,10.4,12,0.0,0,0,348416.0,162819.17166722106,16135486.4,1.0,1.0,0,data_normal
10,425.5,101.43889786467517,533,276,29.4,1.624807680927192,31,0.2,0.4000000000000001,1,11.0,13,0.0,0,0,395132.8,186276.9191997763,16648776.4,1.0,1.0,0,data_normal
10,418.8,105.06455158615583,540,278,33.1,1.5132745950421556,35,0.2,0.4000000000000001,1,11.6,13,0.0,0,0,438896.0,202719.4065973951,17152343.2,1.0,1.0,0,data_normal
10,421.2,102.35702223101256,536,280,36.9,1.374772708486752,39,0.2,0.4000000000000001,1,11.9,13,0.0,0,0,486140.8,225799.19918228232,17672511.2,1.0,1.0,0,data_normal
10,423.8,87.03309715274989,515,283,40.7,1.6155494421403511,43,0.2,0.4000000000000001,1,12.1,14,0.0,0,0,532665.6,253076.25080327076,18179635.2,1.0,1.0,0,data_normal
10,421.6,105.7262502881853,523,284,44.3,1.676305461424021,47,0.2,0.4000000000000001,1,12.4,14,0.0,0,0,575715.2,270249.40031489433,18658794.4,1.0,1.0,0,data_normal
10,445.4,102.31050776924137,571,312,48.4,1.6852299546352718,51,0.2,0.4000000000000001,1,12.9,15,0.0,0,0,631312.0,293612.28120363085,19201928.0,1.0,1.0,0,data_normal
10,443.4,104.08189083601431,559,284,51.9,1.5132745950421558,54,0.2,0.4000000000000001,1,13.0,15,0.0,0,0,676272.0,314458.0041353694,19693262.4,1.0,1.0,0,data_normal
10,462.8,114.5642177994508,623,310,55.6,1.624807680927192,58,0.2,0.4000000000000001,1,13.5,16,0.0,0,0,723785.6,331541.99465262314,20198627.2,1.0,1.0,0,data_normal
10,474.0,120.88093315324795,647,296,59.5,1.6278820596099706,62,0.2,0.4000000000000001,1,13.6,16,0.0,0,0,773820.8,358181.25080042926,20724621.6,1.0,1.0,0,data_normal
10,465.3,102.28885569796937,597,304,63.1,1.445683229480096,66,0.2,0.4000000000000001,1,14.2,17,0.0,0,0,820707.2,383976.55700440885,21225044.8,1.0,1.0,0,data_normal
10,444.4,103.72772049939205,551,277,66.8,1.3266499161421599,69,0.2,0.4000000000000001,1,14.5,17,0.0,0,0,865926.4,407277.554277473,21740148.0,1.0,1.0,0,data_normal
10,456.5,98.9679240966486,552,302,70.6,1.3564659966250536,73,0.2,0.4000000000000001,1,14.5,17,0.0,0,0,914604.8,434982.73216595623,22250116.8,1.0,1.0,0,data_normal
10,454.4,103.12633029445001,575,301,74.1,1.5132745950421556,77,0.2,0.4000000000000001,1,14.7,18,0.0,0,0,956764.8,452679.19382379396,22722270.4,1.0,1.0,0,data_normal
10,450.4,108.27668262373022,568,281,78.0,1.5491933384829668,81,0.2,0.4000000000000001,1,14.7,18,0.0,0,0,1004192.0,480881.9485836415,23240696.0,1.0,1.0,0,data_normal
10,452.2,106.56997701041321,562,295,81.8,1.5362291495737217,85,0.2,0.4000000000000001,1,14.7,18,0.0,0,0,1049808.0,498263.171253104,23755217.2,1.0,1.0,0,data_normal
10,453.6,104.77423347369334,568,289,85.6,1.5620499351813308,89,0.2,0.4000000000000001,1,15.0,19,0.0,0,0,1096809.6,521831.7753612173,24275580.0,1.0,1.0,0,data_normal
10,479.6,128.38317646794692,668,298,88.8,1.7776388834631176,92,0.2,0.4000000000000001,1,15.0,19,0.0,0,0,1146569.6,542693.9599507627,24762317.2,1.0,1.0,0,data_normal
10,471.8,117.62465727899061,666,278,92.7,1.6155494421403511,95,0.2,0.4000000000000001,1,15.0,19,0.0,0,0,1195990.4,572695.5131605625,25286393.6,1.0,1.0,0,data_normal
10,453.3,109.48063755751515,597,298,96.3,1.6155494421403513,99,0.2,0.4000000000000001,1,15.2,19,0.0,0,0,1239510.4,591754.0752851982,25784811.6,1.0,1.0,0,data_normal
10,435.2,102.38730390043484,591,310,99.9,1.6401219466856725,103,0.2,0.4000000000000001,1,15.4,19,0.0,0,0,1280838.4,613589.9142513996,26276284.4,1.0,1.0,0,data_normal
10,429.9,108.28337822583852,551,283,103.7,1.7916472867168916,107,0.2,0.4000000000000001,1,15.6,19,0.0,0,0,1326579.2,637344.5901608956,26778451.6,1.0,1.0,0,data_normal
10,427.7,104.9676616868262,535,264,107.5,1.6881943016134133,111,0.2,0.4000000000000001,1,16.0,20,0.0,0,0,1373097.6,653693.2624262238,27299757.2,1.0,1.0,0,data_normal
10,424.1,106.48422418367898,551,270,111.4,1.4966629547095764,114,0.2,0.4000000000000001,1,16.1,20,0.0,0,0,1418784.0,675957.8462407253,27820142.8,1.0,1.0,0,data_normal
10,432.1,103.196366215095,577,286,115.1,1.6401219466856725,118,0.2,0.4000000000000001,1,16.7,21,0.0,0,0,1465123.2,697739.5251955847,28308378.0,1.0,1.0,0,data_normal
10,440.2,92.72194993635541,564,297,118.6,1.624807680927192,121,0.2,0.4000000000000001,1,17.1,22,0.0,0,0,1514800.0,724715.5100247269,28810829.2,1.0,1.0,0,data_normal
10,442.2,88.82319516882964,571,320,122.5,1.5652475842498528,125,0.2,0.4000000000000001,1,17.1,22,0.0,0,0,1561558.4,743976.9508412476,29344841.2,1.0,1.0,0,data_normal
10,442.4,99.78296447791077,612,309,126.2,1.8330302779823362,129,0.2,0.4000000000000001,1,17.5,23,0.0,0,0,1610873.6,770816.4331848667,29852211.2,1.0,1.0,0,data_normal
10,441.2,96.74688625480408,585,313,129.9,1.7,132,0.2,0.4000000000000001,1,18.0,24,0.0,0,0,1659763.2,796447.0907721114,30364503.6,1.0,1.0,0,data_normal
10,436.2,91.036036820591,580,306,133.5,1.6881943016134133,136,0.2,0.4000000000000001,1,18.1,24,0.0,0,0,1703577.6,821678.1770853112,30852713.6,1.0,1.0,0,data_normal
10,451.0,110.79801442264207,570,294,137.4,1.624807680927192,140,0.2,0.4000000000000001,1,18.4,24,0.0,0,0,1751670.4,835032.6471475471,31385556.4,1.0,1.0,0,data_normal
10,461.3,107.00285042932268,607,321,141.2,1.8330302779823358,144,0.2,0.4000000000000001,1,18.6,24,0.0,0,0,1801651.2,861522.6349904916,31901118.8,1.0,1.0,0,data_normal
10,470.1,96.62965383359293,602,326,144.6,1.6852299546352716,147,0.2,0.4000000000000001,1,18.8,25,0.0,0,0,1848051.2,886129.1030034844,32372563.2,1.0,1.0,0,data_normal
5,418.8,136.89616503028856,689,318,1.6,0.4898979485566356,2,0.0,0.0,0,3.8,5,0.0,0,0,36192.0,8580.583849599047,4545080.8,1.0,1.0,0,data_normal_s2
10,488.5,132.26583081053096,652,314,4.1,1.374772708486752,6,0.0,0.0,0,5.5,7,0.0,0,0,77459.2,33815.758920361375,9517965.6,1.0,1.0,0,data_normal_s2
10,472.1,109.94766937047824,600,332,7.7,1.5524174696260025,10,0.0,0.0,0,6.7,8,0.0,0,0,126083.2,52868.22733703108,10023082.4,1.0,1.0,0,data_normal_s2
10,465.4,112.57193255869777,595,286,11.3,1.5524174696260022,13,0.0,0.0,0,7.5,8,0.0,0,0,173142.4,68114.08789846634,10515146.4,1.0,1.0,0,data_normal_s2
10,459.8,103.69165829515893,583,306,15.2,1.4696938456699067,17,0.0,0.0,0,8.7,10,0.0,0,0,225376.0,88454.53521442527,11046755.2,1.0,1.0,0,data_normal_s2
10,440.5,117.9900419527004,585,292,19.0,1.5491933384829668,21,0.0,0.0,0,9.1,10,0.0,0,0,270553.6,106963.31679524528,11551733.2,1.0,1.0,0,data_normal_s2
10,433.2,123.65338652863494,592,276,22.6,1.562049935181331,25,0.0,0.0,0,9.4,11,0.0,0,0,311520.0,119429.76191887849,12033437.2,1.0,1.0,0,data_normal_s2
10,423.1,107.17784285942687,578,278,26.6,1.562049935181331,29,0.0,0.0,0,9.9,12,0.0,0,0,359171.2,139439.6542600418,12566132.8,1.0,1.0,0,data_normal_s2
10,413.4,77.54637322273686,531,297,30.0,1.4832396974191326,32,0.0,0.0,0,10.7,13,0.0,0,0,400521.6,156581.13446721478,13026383.2,1.0,1.0,0,data_normal_s2
10,412.8,83.34962507414176,532,286,33.8,1.6613247725836147,36,0.0,0.0,0,11.0,13,0.0,0,0,449260.8,177673.77275715175,13542619.2,1.0,1.0,0,data_normal_s2
10,443.7,65.36061505218566,524,354,37.6,1.562049935181331,40,0.0,0.0,0,11.3,13,0.0,0,0,501116.8,197162.5483690044,14056097.6,1.0,1.0,0,data_normal_s2
10,437.9,96.68862394304719,574,320,41.6,1.562049935181331,44,0.0,0.0,0,11.8,14,0.0,0,0,551728.0,216233.94371097244,14577556.8,1.0,1.0,0,data_normal_s2
10,432.1,83.72150261432245,535,314,45.1,1.6401219466856727,48,0.0,0.0,0,11.9,14,0.0,0,0,594179.2,232042.42125818288,15056811.6,1.0,1.0,0,data_normal_s2
10,466.8,89.75277154495006,611,344,48.8,1.469693845669907,51,0.0,0.0,0,12.2,15,0.0,0,0,646595.2,251729.5784149332,15561104.8,1.0,1.0,0,data_normal_s2
10,484.2,115.78410944512206,629,292,52.7,1.5524174696260025,55,0.0,0.0,0,13.0,16,0.0,0,0,698496.0,275173.1503181224,16094642.0,1.0,1.0,0,data_normal_s2
10,473.1,123.37134999666657,602,302,56.4,1.4282856857085702,59,0.0,0.0,0,13.4,16,0.0,0,0,745148.8,292685.3652579165,16604500.4,1.0,1.0,0,data_normal_s2
10,484.2,123.95466913351832,667,306,60.0,1.5491933384829668,63,0.0,0.0,0,13.7,16,0.0,0,0,791452.8,308562.96061219013,17091754.4,1.0,1.0,0,data_normal_s2
10,497.0,128.7936333830209,668,321,63.7,1.4177446878757822,66,0.0,0.0,0,13.9,17,0.0,0,0,841974.4,328535.25826102745,17605634.0,1.0,1.0,0,data_normal_s2
10,487.6,133.91355420568897,650,299,67.6,1.3564659966250536,70,0.0,0.0,0,14.2,17,0.0,0,0,890662.4,347156.7993178875,18119540.0,1.0,1.0,0,data_normal_s2
10,498.3,103.7844400669002,631,338,71.3,1.4866068747318506,74,0.0,0.0,0,14.4,17,0.0,0,0,940976.0,370609.304699167,18632136.4,1.0,1.0,0,data_normal_s2
10,483.6,123.2584277037477,670,316,74.9,1.6401219466856725,78,0.0,0.0,0,14.5,18,0.0,0,0,986352.0,386835.5233325916,19124017.6,1.0,1.0,0,data_normal_s2
10,468.5,127.34853748669437,625,296,78.6,1.5620499351813308,81,0.0,0.0,0,14.7,18,0.0,0,0,1030662.4,404753.6693929284,19621240.4,1.0,1.0,0,data_normal_s2
10,464.0,137.82525167762256,642,290,82.2,1.469693845669907,85,0.0,0.0,0,14.7,18,0.0,0,0,1074323.2,420475.811291161,20106676.8,1.0,1.0,0,data_normal_s2
10,452.0,139.64956140282,627,270,86.2,1.469693845669907,89,0.0,0.0,0,14.9,19,0.0,0,0,1121020.8,438166.5336770484,20639318.0,1.0,1.0,0,data_normal_s2
10,450.2,132.15279036024933,590,263,89.8,1.5362291495737217,93,0.0,0.0,0,14.9,19,0.0,0,0,1161564.8,453449.69958856516,21115721.6,1.0,1.0,0,data_normal_s2
10,465.2,123.12254058457371,619,278,93.5,1.5,96,0.0,0.0,0,15.1,19,0.0,0,0,1209116.8,472806.9469161383,21616883.6,1.0,1.0,0,data_normal_s2
10,463.9,109.67447287313489,582,290,97.4,1.42828568570857,100,0.0,0.0,0,15.2,20,0.0,0,0,1254582.4,494229.6656323252,22136014.4,1.0,1.0,0,data_normal_s2
10,461.4,101.64959419495977,580,323,101.1,1.7,104,0.0,0.0,0,15.3,21,0.0,0,0,1301385.6,515845.63571114955,22648312.0,1.0,1.0,0,data_normal_s2
10,450.1,111.14355581858986,575,292,104.9,1.7,108,0.0,0.0,0,15.5,21,0.0,0,0,1344739.2,529552.1566691613,23154708.8,1.0,1.0,0,data_normal_s2
10,439.3,119.51991465860407,582,277,108.5,1.5652475842498528,111,0.0,0.0,0,15.9,22,0.0,0,0,1386332.8,542871.6673831487,23644704.8,1.0,1.0,0,data_normal_s2
10,450.8,114.41835517083787,566,303,112.1,1.7,115,0.0,0.0,0,16.2,22,0.0,0,0,1432534.4,564175.904129767,24140373.6,1.0,1.0,0,data_normal_s2
10,447.3,134.44630898615253,602,274,115.9,1.7,119,0.0,0.0,0,16.7,22,0.0,0,0,1477408.0,574392.3556037284,24650811.2,1.0,1.0,0,data_normal_s2
10,452.1,129.65604498055615,579,277,119.7,1.7916472867168918,123,0.0,0.0,0,17.2,23,0.0,0,0,1526179.2,592796.372018048,25165516.4,1.0,1.0,0,data_normal_s2
10,430.4,108.85513308980886,538,280,123.3,1.4866068747318506,126,0.0,0.0,0,17.3,23,0.0,0,0,1567382.4,608849.6614782995,25658139.6,1.0,1.0,0,data_normal_s2
10,425.8,109.55710839557604,536,282,126.9,1.9209372712298545,130,0.0,0.0,0,17.7,23,0.0,0,0,1612304.0,628444.140280423,26158606.8,1.0,1.0,0,data_normal_s2
10,424.3,93.70597633022133,533,288,130.6,2.1071307505705477,134,0.0,0.0,0,18.2,24,0.0,0,0,1659129.6,646534.7906671689,26669986.8,1.0,1.0,0,data_normal_s2
10,429.2,93.39143429672767,555,305,134.4,2.009975124224178,138,0.0,0.0,0,18.3,24,0.0,0,0,1705129.6,663436.5117168635,27188055.2,1.0,1.0,0,data_normal_s2
10,443.9,98.82049382592662,579,296,138.0,1.9493588689617927,141,0.0,0.0,0,18.6,25,0.0,0,0,1751632.0,680295.7231040042,27670206.0,1.0,1.0,0,data_normal_s2
10,440.0,92.70814419456362,543,277,141.7,2.051828452868319,145,0.0,0.0,0,18.9,25,0.0,0,0,1799350.4,705103.8827729146,28167038.0,1.0,1.0,0,data_normal_s2
10,429.5,101.30967377304104,551,265,145.5,2.0615528128088303,149,0.0,0.0,0,19.0,26,0.0,0,0,1845990.4,725972.2853976177,28689111.6,1.0,1.0,0,data_normal_s2
3,403.6666666666667,117.13904368550888,569,312,1.3333333333333333,0.4714045207910317,2,0.3333333333333333,0.4714045207910317,1,3.6666666666666665,4,0.3333333333333333,1,0,25600.0,5137.237649424705,5583236.0,1.0,1.0,0,data_normal_s3
10,461.0,109.81165694041776,583,313,3.4,1.2806248474865698,6,0.5,0.5,1,5.6,7,0.4,1,0,64646.4,26512.824803102365,18181791.6,1.0,1.0,0,data_normal_s3
10,457.6,117.4114134145399,606,296,7.4,1.2806248474865698,10,0.5,0.5,1,7.1,10,0.4,1,0,117440.0,46312.84062114955,18720982.8,1.0,1.0,0,data_normal_s3
10,479.6,114.3662537639491,624,312,10.8,1.4,14,0.5,0.5,1,8.0,10,0.4,1,0,165356.8,63565.58034156536,19187589.6,1.0,1.0,0,data_normal_s3
10,490.4,109.30983487317141,616,312,14.3,1.3453624047073711,17,0.5,0.5,1,8.6,10,0.4,1,0,214438.4,82475.73100882464,19687488.4,1.0,1.0,0,data_normal_s3
10,506.3,107.39278374267053,635,352,18.3,1.3453624047073711,21,0.5,0.5,1,9.4,12,0.4,1,0,270179.2,109143.90396242935,20232514.4,1.0,1.0,0,data_normal_s3
10,490.0,133.4406234997424,648,306,22.1,1.3,25,0.5,0.5,1,9.9,12,0.4,1,0,320281.6,127572.63439719351,20742972.4,1.0,1.0,0,data_normal_s3
10,483.1,128.50249024824382,629,286,25.9,1.2206555615733703,29,0.5,0.5,1,10.1,12,0.4,1,0,362425.6,140725.06937088358,21239886.4,1.0,1.0,0,data_normal_s3
10,475.4,119.7223454497948,655,296,29.6,1.1135528725660042,32,0.5,0.5,1,10.8,13,0.4,1,0,412576.0,160210.3385428044,21747847.2,1.0,1.0,0,data_normal_s3
10,460.4,116.54029346110296,637,306,33.3,1.3453624047073711,36,0.5,0.5,1,11.8,14,0.4,1,0,462185.6,180626.86169404598,22250004.8,1.0,1.0,0,data_normal_s3
10,460.4,102.0619419764292,614,298,37.1,1.3,40,0.5,0.5,1,12.1,15,0.4,1,0,511398.4,204528.90697757126,22778594.4,0.9972972972972972,0.972972972972973,0,data_normal_s3
10,463.2,118.0032202950411,643,275,40.9,1.374772708486752,44,0.5,0.5,1,12.5,15,0.4,1,0,559094.4,220006.83232445305,23288454.8,0.9975609756097562,0.975609756097561,0,data_normal_s3
10,452.1,110.22472499398673,608,309,44.4,1.2806248474865698,47,0.5,0.5,1,12.7,16,0.4,1,0,603888.0,242358.4704754509,23774342.4,0.9977272727272727,0.9772727272727273,0,data_normal_s3
10,470.0,96.86588666811448,622,340,48.3,1.3453624047073711,51,0.5,0.5,1,12.7,16,0.4,1,0,654147.2,263684.8362469105,24299907.2,0.9979166666666666,0.9791666666666666,0,data_normal_s3
10,465.1,94.33074790332152,592,292,52.1,1.0440306508910548,54,0.5,0.5,1,13.4,17,0.4,1,0,704880.0,282750.53842990287,24815564.0,0.998076923076923,0.9807692307692307,0,data_normal_s3
10,455.6,102.09231116984276,577,303,55.8,1.16619037896906,58,0.5,0.5,1,13.9,17,0.4,1,0,751504.0,301989.7103200703,25314730.0,0.9981818181818183,0.9818181818181818,0,data_normal_s3
10,437.8,104.23415946799783,566,290,59.6,1.2806248474865698,62,0.5,0.5,1,14.4,17,0.4,1,0,797388.8,322122.48842848587,25821572.8,0.9983050847457626,0.9830508474576272,0,data_normal_s3
10,425.0,112.55043313999285,608,274,63.2,1.0770329614269007,65,0.5,0.5,1,14.8,18,0.4,1,0,839811.2,331675.751660202,26314221.2,0.9984126984126984,0.9841269841269841,0,data_normal_s3
10,419.1,112.36320572144602,589,282,66.9,0.9433981132056604,69,0.5,0.5,1,15.0,18,0.4,1,0,884028.8,349785.6600870882,26824991.2,0.9985074626865671,0.9850746268656716,0,data_normal_s3
10,421.9,108.05965944791792,558,274,70.6,1.1135528725660042,73,0.5,0.5,1,15.2,18,0.4,1,0,928415.2,366515.8346933458,27318606.8,0.9985915492957746,0.9859154929577465,0,data_normal_s3
10,434.3,89.6906349626314,550,307,74.5,1.2041594578792296,77,0.5,0.5,1,15.2,18,0.4,1,0,975798.4,387800.01854646683,27846335.6,0.9986666666666666,0.9866666666666667,0,data_normal_s3
10,420.6,94.57716426283883,546,288,78.0,1.0954451150103321,80,0.5,0.5,1,15.3,18,0.4,1,0,1014112.0,398101.92788480694,28300711.6,0.9987179487179487,0.9871794871794872,0,data_normal_s3
10,440.1,100.51313347020876,597,297,81.9,0.9433981132056604,84,0.5,0.5,1,15.5,18,0.4,1,0,1063456.0,416252.02827133465,28815566.8,0.998780487804878,0.9878048780487805,0,data_normal_s3
10,435.7,101.55988381245815,580,298,85.7,0.7810249675906654,87,0.5,0.5,1,15.5,18,0.4,1,0,1112844.8,435656.02018767054,29343839.6,0.9988372093023254,0.9883720930232558,0,data_normal_s3
10,467.2,99.19858869963826,589,292,89.5,0.6708203932499369,91,0.5,0.5,1,15.7,18,0.4,1,0,1165980.8,454445.03043356084,29867688.0,0.9988888888888889,0.9888888888888889,0,data_normal_s3
10,448.1,103.61124456351251,583,288,93.0,0.8944271909999159,95,0.5,0.5,1,15.8,19,0.4,1,0,1209964.8,470537.92572773556,30358076.4,0.9989361702127659,0.9893617021276596,0,data_normal_s3
10,429.8,107.99703699639171,572,290,96.6,0.9165151389911681,98,0.5,0.5,1,15.9,19,0.4,1,0,1252480.0,486546.5029893854,30854496.8,0.9989795918367348,0.9897959183673469,0,data_normal_s3
10,433.6,95.84278793941671,556,287,100.3,1.004987562112089,102,0.5,0.5,1,16.0,20,0.4,1,0,1297366.4,505935.75586850947,31348286.0,0.9990196078431373,0.9901960784313726,0,data_normal_s3
10,441.6,87.56163543470393,559,311,104.1,1.044030650891055,106,0.5,0.5,1,16.0,20,0.4,1,0,1344721.6,525697.1701204411,31868319.2,0.999056603773585,0.9905660377358491,0,data_normal_s3
10,446.4,85.71137614109344,581,303,107.8,1.32664991614216,110,0.5,0.5,1,16.2,20,0.4,1,0,1391875.2,546939.230580656,32376507.6,0.999090909090909,0.990909090909091,0,data_normal_s3
10,470.8,131.89222873240107,648,293,111.4,1.0198039027185568,113,0.5,0.5,1,16.6,21,0.4,1,0,1438928.0,565203.9861940112,32868910.4,0.9991150442477876,0.9911504424778761,0,data_normal_s3
10,478.1,147.628892836057,689,301,114.8,0.9797958971132711,117,0.5,0.5,1,17.1,21,0.4,1,0,1486854.4,579789.0375485207,33361801.6,0.9991452991452991,0.9914529914529915,0,data_normal_s3
10,457.3,131.48844055657517,703,292,118.8,0.9797958971132712,121,0.5,0.5,1,17.6,22,0.4,1,0,1539180.8,597960.5878779638,33912290.4,0.9991735537190083,0.9917355371900827,0,data_normal_s3
10,440.2,115.01112989619745,659,291,122.4,1.2,125,0.5,0.5,1,17.9,22,0.4,1,0,1583033.6,612904.0768517044,34405272.4,0.9992000000000001,0.992,0,data_normal_s3
10,439.5,107.62550812888179,621,293,126.1,1.044030650891055,128,0.5,0.5,1,18.3,23,0.4,1,0,1630953.6,631696.4211117869,34913617.2,0.99921875,0.9921875,0,data_normal_s3
10,467.4,109.940165544718,613,321,129.6,1.1135528725660042,132,0.5,0.5,1,18.8,24,0.4,1,0,1679241.6,646126.4251254859,35413557.6,0.9992424242424243,0.9924242424242424,0,data_normal_s3
10,466.6,111.61827807308264,619,304,133.7,1.004987562112089,136,0.5,0.5,1,19.0,25,0.4,1,0,1730361.6,665484.6395106652,35958676.0,0.9992647058823529,0.9926470588235294,0,data_normal_s3
10,468.3,118.1127004178636,660,313,137.3,1.1,139,0.5,0.5,1,19.2,25,0.4,1,0,1773814.4,675130.7947168755,36440585.2,0.9992805755395683,0.9928057553956835,0,data_normal_s3
10,458.1,125.63634028417097,654,282,141.1,1.0440306508910548,143,0.5,0.5,1,19.3,26,0.4,1,0,1819955.2,692750.3341015145,36951757.6,0.9993006993006993,0.993006993006993,0,data_normal_s3
10,469.7,111.21695014699873,633,310,144.9,1.0440306508910548,147,0.5,0.5,1,19.4,26,0.4,1,0,1869001.6,714786.7647777481,37455584.4,0.9993197278911564,0.9931972789115646,0,data_normal_s3
3,295.6666666666667,2.357022603955158,299,294,1.6666666666666667,0.4714045207910317,2,0.0,0.0,0,5.333333333333333,6,1.0,2,0,31018.666666666668,8258.080702493098,4227068.0,1.0,1.0,0,data_normal_s4
10,448.0,108.7694810137476,597,293,3.5,1.5,6,0.5,0.6708203932499369,2,6.2,8,0.6,2,0,66348.8,28026.82399702114,15966688.0,1.0,1.0,0,data_normal_s4
10,461.8,105.82986346017839,576,303,7.4,1.3564659966250536,9,0.5,0.6708203932499369,2,7.6,10,0.6,2,0,120697.6,50195.30608174434,16507366.0,1.0,1.0,0,data_normal_s4
10,457.4,114.07997194950566,601,278,11.0,1.5491933384829668,13,0.5,0.6708203932499369,2,8.6,11,0.6,2,0,169030.4,67397.5075432319,16997017.2,1.0,1.0,0,data_normal_s4
10,436.1,111.23619015410408,566,289,14.7,1.4866068747318506,17,0.5,0.6708203932499369,2,9.5,12,0.6,2,0,216067.2,82722.18420327161,17508725.6,1.0,1.0,0,data_normal_s4
10,444.1,103.14111692239909,560,282,18.4,1.3564659966250538,20,0.5,0.6708203932499369,2,10.2,13,0.6,2,0,263296.0,99223.90421667552,18005583.2,1.0,1.0,0,data_normal_s4
10,446.7,95.54689947873767,573,312,22.0,1.4832396974191326,24,0.5,0.6708203932499369,2,10.5,14,0.6,2,0,311264.0,121735.38820901669,18513792.4,1.0,1.0,0,data_normal_s4
10,460.2,102.92696439709081,575,295,25.9,1.57797338380595,28,0.5,0.6708203932499369,2,10.9,15,0.6,2,0,361673.6,144511.5132321297,19051698.0,1.0,1.0,0,data_normal_s4
10,445.5,101.03093585630097,558,303,29.6,1.562049935181331,32,0.5,0.6708203932499369,2,11.9,15,0.6,2,0,411478.4,159071.08850271945,19576085.2,1.0,1.0,0,data_normal_s4
10,455.5,101.03588471429346,576,306,33.1,1.5779733838059502,35,0.5,0.6708203932499369,2,12.3,15,0.6,2,0,454800.0,179267.4525908147,20046670.4,0.996875,0.96875,0,data_normal_s4
10,453.6,105.36526942024113,566,312,37.0,1.61245154965971,39,0.5,0.6708203932499369,2,12.9,17,0.6,2,0,505315.2,196459.17150838237,20569958.8,0.9972972972972972,0.972972972972973,0,data_normal_s4
10,445.9,118.29915468844231,570,284,40.8,1.7204650534085253,43,0.5,0.6708203932499369,2,13.0,17,0.6,2,0,550835.2,214819.07279792454,21078155.6,0.9974999999999999,0.975,0,data_normal_s4
10,449.6,119.53258969837472,619,277,44.6,1.562049935181331,47,0.5,0.6708203932499369,2,13.1,17,0.6,2,0,596009.6,229102.19463776422,21592318.8,0.9977272727272727,0.9772727272727273,0,data_normal_s4
10,455.6,104.43007229720757,573,280,48.2,1.661324772583615,50,0.5,0.6708203932499369,2,13.4,18,0.6,2,0,643731.2,252781.60953866877,22085588.4,0.997872340425532,0.9787234042553191,0,data_normal_s4
10,469.7,108.36609248284263,602,314,51.9,1.5779733838059502,54,0.5,0.6708203932499369,2,13.8,18,0.6,2,0,692780.8,271273.4851520878,22597249.2,0.9980392156862745,0.9803921568627451,0,data_normal_s4
10,447.9,119.23460068285547,606,301,55.6,1.562049935181331,58,0.5,0.6708203932499369,2,14.5,19,0.6,2,0,738086.4,284363.67252207163,23106422.0,0.9981818181818183,0.9818181818181818,0,data_normal_s4
10,435.9,120.14611937137214,607,286,59.1,1.5779733838059502,61,0.5,0.6708203932499369,2,14.9,19,0.6,2,0,781865.6,304235.84082984045,23602734.4,0.9983050847457626,0.9830508474576272,0,data_normal_s4
10,452.9,113.12422375424283,598,306,62.9,1.5779733838059502,65,0.5,0.6708203932499369,2,15.3,20,0.6,2,0,830348.8,320416.6040781283,24129068.0,0.9983870967741936,0.9838709677419355,0,data_normal_s4
10,482.4,110.37590316731274,633,315,66.6,1.2806248474865698,68,0.5,0.6708203932499369,2,15.4,21,0.6,2,0,881900.8,337923.7206461837,24652644.0,0.9984848484848484,0.9848484848484849,0,data_normal_s4
10,485.3,116.17146809780792,632,315,70.0,1.2649110640673518,72,0.5,0.6708203932499369,2,15.6,21,0.6,2,0,929827.2,352332.06110508874,25142378.0,0.9985714285714286,0.9857142857142858,0,data_normal_s4
10,465.6,131.44824076418826,609,289,73.6,1.624807680927192,76,0.5,0.6708203932499369,2,15.7,21,0.6,2,0,975590.4,372036.4880651359,25648229.6,0.9986301369863014,0.9863013698630136,0,data_normal_s4
10,455.6,111.16042461235924,582,305,77.4,1.5620499351813308,80,0.5,0.6708203932499369,2,15.9,22,0.6,2,0,1022105.6,395123.5853702485,26159737.2,0.9987012987012986,0.987012987012987,0,data_normal_s4
10,451.4,114.59947643859462,575,293,80.7,1.676305461424021,83,0.5,0.6708203932499369,2,16.0,22,0.6,2,0,1061750.4,405073.6115115868,26622644.8,0.9987654320987656,0.9876543209876543,0,data_normal_s4
10,442.6,120.6890218702596,561,264,84.5,1.746424919657298,87,0.5,0.6708203932499369,2,16.3,23,0.6,2,0,1107433.6,421182.50212163373,27135080.0,0.9988235294117647,0.9882352941176471,0,data_normal_s4
10,461.5,126.07953838747983,606,288,88.4,1.9078784028338913,91,0.5,0.6708203932499369,2,16.3,23,0.6,2,0,1157126.4,440735.1014991205,27662722.0,0.9988764044943821,0.9887640449438202,0,data_normal_s4
10,459.9,125.22495757635535,619,273,92.0,1.9493588689617927,95,0.5,0.6708203932499369,2,16.5,24,0.6,2,0,1205312.0,457284.59978092415,28182512.4,0.9989247311827956,0.989247311827957,0,data_normal_s4
10,457.2,119.74790186053366,598,268,95.2,1.9899748742132397,99,0.5,0.6708203932499369,2,16.5,24,0.6,2,0,1246265.6,477235.33560774813,28629758.8,0.9989583333333334,0.9895833333333334,0,data_normal_s4
10,464.9,108.78552293389042,615,314,99.1,1.972308292331602,103,0.5,0.6708203932499369,2,16.7,24,0.6,2,0,1297683.2,498844.15587972966,29182427.2,0.999,0.99,0,data_normal_s4
10,487.4,139.14179817725514,636,284,102.6,2.009975124224178,106,0.5,0.6708203932499369,2,16.8,24,0.6,2,0,1346224.0,515375.062381563,29689398.4,0.9990384615384615,0.9903846153846154,0,data_normal_s4
10,488.5,120.11348800197254,668,296,106.3,2.051828452868319,110,0.5,0.6708203932499369,2,16.9,24,0.6,2,0,1393465.6,539105.9223898769,30195038.0,0.9990654205607477,0.9906542056074766,0,data_normal_s4
10,468.4,139.53651851755512,679,291,109.8,2.2715633383201093,114,0.5,0.6708203932499369,2,17.2,24,0.6,2,0,1440528.0,558175.4170265831,30696352.4,0.9990990990990991,0.990990990990991,0,data_normal_s4
10,480.4,128.5590914715875,673,319,113.6,2.0591260281974,117,0.5,0.6708203932499369,2,17.5,24,0.6,2,0,1491225.6,579642.7630634579,31227746.8,0.9991304347826088,0.991304347826087,0,data_normal_s4
10,483.4,119.62039959806187,640,319,117.3,2.238302928559939,121,0.5,0.6708203932499369,2,18.3,26,0.6,2,0,1539984.0,593415.8053412463,31737598.8,0.9991596638655462,0.9915966386554622,0,data_normal_s4
10,471.1,129.31005374679881,674,296,121.0,2.0976176963403033,125,0.5,0.6708203932499369,2,18.8,26,0.6,2,0,1586307.2,612587.549587616,32242658.8,0.9991803278688526,0.9918032786885246,0,data_normal_s4
10,470.4,123.30141929434551,670,311,124.7,2.238302928559939,129,0.5,0.6708203932499369,2,19.2,26,0.6,2,0,1636003.2,634878.4768449471,32751432.4,0.9992063492063492,0.9920634920634921,0,data_normal_s4
10,457.8,130.39463179134333,635,283,128.4,2.0591260281974,132,0.5,0.6708203932499369,2,19.7,27,0.6,2,0,1679619.2,644333.6381094502,33257006.8,0.9992307692307693,0.9923076923076923,0,data_normal_s4
10,474.7,121.9541307213495,672,312,132.2,2.181742422927143,136,0.5,0.6708203932499369,2,19.8,27,0.6,2,0,1732060.8,668209.7877925466,33789456.0,0.9992537313432835,0.9925373134328358,0,data_normal_s4
10,462.4,119.79248724356633,634,303,135.8,2.4,140,0.5,0.6708203932499369,2,19.8,27,0.6,2,0,1774259.2,684961.962035966,34273423.2,0.9992700729927007,0.9927007299270073,0,data_normal_s4
10,469.9,128.59039621993549,632,303,139.3,2.1,143,0.5,0.6708203932499369,2,19.9,27,0.6,2,0,1819344.0,701261.6341469139,34751498.0,0.999290780141844,0.9929078014184397,0,data_normal_s4
10,469.3,125.55162284893014,616,266,143.1,1.9723082923316018,147,0.5,0.6708203932499369,2,20.1,28,0.6,2,0,1868246.4,719031.0225768009,35290007.6,0.9993103448275862,0.993103448275862,0,data_normal_s4
4,358.0,87.9062000088731,510,299,1.0,0.0,1,0.0,0.0,0,4.25,5,0.0,0,0,25448.0,5581.97671080774,6439903.0,1.0,1.0,0,data_normal_s5
10,453.2,114.7020488047184,678,290,3.4,0.9165151389911681,5,0.2,0.4,1,6.0,7,0.0,0,0,74745.6,35051.06762197123,14235556.4,1.0,1.0,0,data_normal_s5
10,441.3,107.33783116869839,643,300,7.2,1.077032961426901,9,0.2,0.4000000000000001,1,7.4,9,0.0,0,0,124480.0,57969.912637505324,14754520.4,1.0,1.0,0,data_normal_s5
10,434.7,95.71734430081102,575,304,10.9,0.9433981132056604,12,0.2,0.4000000000000001,1,8.2,10,0.0,0,0,171609.6,70833.31200953404,15270781.2,1.0,1.0,0,data_normal_s5
10,419.4,107.17667656724574,583,278,14.4,0.9165151389911681,16,0.2,0.4000000000000001,1,9.3,11,0.0,0,0,219382.4,93747.5050240805,15765545.6,1.0,1.0,0,data_normal_s5
10,428.0,110.8873302050329,586,267,18.3,0.9,20,0.2,0.4000000000000001,1,9.7,12,0.0,0,0,267612.8,112103.41415389632,16293827.6,1.0,1.0,0,data_normal_s5
10,422.3,109.89181043189706,553,277,21.7,1.004987562112089,23,0.2,0.4000000000000001,1,10.0,13,0.0,0,0,308121.6,124844.77703388316,16754193.2,1.0,1.0,0,data_normal_s5
10,436.3,98.07247320221919,589,314,25.8,0.8717797887081347,27,0.2,0.4000000000000001,1,10.8,14,0.0,0,0,363100.8,148246.79165013993,17306976.0,1.0,1.0,0,data_normal_s5
10,453.6,113.6117951622982,592,303,29.3,0.9,31,0.2,0.4000000000000001,1,11.4,14,0.0,0,0,409622.4,171154.14416905015,17790432.4,1.0,1.0,0,data_normal_s5
10,456.7,124.93602362809534,611,295,33.1,1.1357816691600546,35,0.2,0.4000000000000001,1,12.1,15,0.0,0,0,457126.4,188559.27422176825,18301466.4,1.0,1.0,0,data_normal_s5
10,465.2,117.25169508369592,598,281,36.9,1.1357816691600546,39,0.2,0.4000000000000001,1,12.3,15,0.0,0,0,505472.0,211245.52188200344,18824635.6,1.0,1.0,0,data_normal_s5
10,468.5,117.3611946087803,596,284,40.5,1.118033988749895,43,0.2,0.4000000000000001,1,12.5,15,0.0,0,0,555536.0,232437.2298165679,19330046.8,1.0,1.0,0,data_normal_s5
10,457.6,123.52991540513578,612,280,44.3,1.268857754044952,47,0.2,0.4000000000000001,1,12.8,16,0.0,0,0,601660.8,250696.45590027794,19837511.6,1.0,1.0,0,data_normal_s5
10,472.2,109.90978118438777,607,317,48.0,1.3416407864998738,51,0.2,0.4000000000000001,1,13.0,16,0.0,0,0,648940.8,271073.3052311865,20340373.2,1.0,1.0,0,data_normal_s5
10,460.7,117.50748912303419,575,298,51.6,1.2,54,0.2,0.4000000000000001,1,13.2,17,0.0,0,0,691651.2,286937.9740908477,20826641.2,1.0,1.0,0,data_normal_s5
10,470.1,124.11079727404865,650,286,55.4,1.2,58,0.2,0.4000000000000001,1,13.5,17,0.0,0,0,740768.0,308115.1827846203,21342384.0,1.0,1.0,0,data_normal_s5
10,456.9,131.74099589725287,661,283,59.1,1.2206555615733703,62,0.2,0.4000000000000001,1,13.8,17,0.0,0,0,787494.4,332168.1493566775,21845738.4,1.0,1.0,0,data_normal_s5
10,454.2,121.48069805528779,640,283,62.9,1.0440306508910548,65,0.2,0.4000000000000001,1,14.1,17,0.0,0,0,833686.4,345733.1248935224,22359644.0,1.0,1.0,0,data_normal_s5
10,452.5,120.38293068371445,611,282,66.5,1.4317821063276353,69,0.2,0.4000000000000001,1,14.9,19,0.0,0,0,883836.8,368445.38792195515,22875758.4,1.0,1.0,0,data_normal_s5
10,456.6,112.25435403582348,620,291,70.1,1.5132745950421556,73,0.2,0.4000000000000001,1,15.0,20,0.0,0,0,928268.8,388397.0497799385,23350449.6,1.0,1.0,0,data_normal_s5
10,462.0,109.22270826160648,592,328,73.8,1.6,77,0.2,0.4000000000000001,1,15.1,20,0.0,0,0,975622.4,410045.3091342955,23855837.6,1.0,1.0,0,data_normal_s5
10,471.3,104.11440822479855,603,326,77.7,1.7916472867168918,81,0.2,0.4000000000000001,1,15.2,21,0.0,0,0,1027427.2,433355.5142348601,24398337.6,1.0,1.0,0,data_normal_s5
10,458.8,123.12578933757136,629,302,81.3,1.9,85,0.2,0.4000000000000001,1,15.3,21,0.0,0,0,1070390.4,448500.49895071465,24887616.4,1.0,1.0,0,data_normal_s5
10,451.8,116.11270386999004,591,288,84.7,1.7349351572897473,88,0.2,0.4000000000000001,1,15.3,21,0.0,0,0,1112457.6,467978.75590483804,25362863.2,1.0,1.0,0,data_normal_s5
10,458.2,107.81261521732975,590,275,88.6,1.7435595774162693,92,0.2,0.4000000000000001,1,15.4,22,0.0,0,0,1161888.0,492733.65579387813,25888362.4,1.0,1.0,0,data_normal_s5
10,454.9,107.6387012184744,566,290,92.4,1.8547236990991407,96,0.2,0.4000000000000001,1,15.6,22,0.0,0,0,1212470.4,516072.77865417395,26426712.8,1.0,1.0,0,data_normal_s5
10,448.1,112.58814324785715,582,278,95.8,1.8867962264113207,99,0.2,0.4000000000000001,1,15.7,23,0.0,0,0,1254892.8,534752.7326809653,26907476.8,1.0,1.0,0,data_normal_s5
10,469.4,94.43643364718938,588,341,99.5,2.0615528128088303,103,0.2,0.4000000000000001,1,16.3,24,0.0,0,0,1306345.6,556987.6664062141,27419753.6,1.0,1.0,0,data_normal_s5
10,460.7,106.23281037419653,599,297,103.3,2.0024984394500787,107,0.2,0.4000000000000001,1,16.4,24,0.0,0,0,1353420.8,576623.6728787329,27932574.0,1.0,1.0,0,data_normal_s5
10,461.2,88.22788674789848,581,352,106.9,2.0223748416156684,110,0.2,0.4000000000000001,1,16.5,24,0.0,0,0,1401158.4,601440.9675416532,28436394.0,1.0,1.0,0,data_normal_s5
10,451.7,99.48070164609817,573,321,110.7,2.0024984394500787,114,0.2,0.4000000000000001,1,16.7,25,0.0,0,0,1448851.2,622473.4762511251,28956022.8,1.0,1.0,0,data_normal_s5
10,447.0,99.61525987518178,566,296,114.3,2.1931712199461306,118,0.2,0.4000000000000001,1,17.3,26,0.0,0,0,1499292.8,650291.9690177329,29464189.2,1.0,1.0,0,data_normal_s5
10,453.3,96.41685537290667,560,321,118.1,2.211334438749598,122,0.2,0.4000000000000001,1,17.8,26,0.0,0,0,1548777.6,674174.3706910253,29984264.4,1.0,1.0,0,data_normal_s5
10,434.7,99.88698613933649,555,291,121.7,2.368543856465402,126,0.2,0.4000000000000001,1,18.1,26,0.0,0,0,1592140.8,694931.6875015559,30474132.4,1.0,1.0,0,data_normal_s5
10,435.5,99.46682864151244,555,287,125.5,2.1095023109728985,129,0.2,0.4000000000000001,1,18.5,27,0.0,0,0,1637785.6,712036.8474851846,30986936.4,1.0,1.0,0,data_normal_s5
10,430.5,99.61350310073429,531,290,129.3,2.1470910553583886,133,0.2,0.4000000000000001,1,18.6,27,0.0,0,0,1681612.8,730501.9427408527,31503251.6,1.0,1.0,0,data_normal_s5
10,445.8,106.49769950567007,578,285,132.8,2.4413111231467406,137,0.2,0.4000000000000001,1,18.9,28,0.0,0,0,1727225.6,747375.2492454109,31985374.8,1.0,1.0,0,data_normal_s5
10,441.7,109.13757373150641,561,302,136.5,2.4186773244895647,141,0.2,0.4000000000000001,1,19.0,28,0.0,0,0,1773123.2,768478.254748799,32478791.6,1.0,1.0,0,data_normal_s5
10,451.9,93.39641320736038,569,310,140.3,2.368543856465402,144,0.2,0.4000000000000001,1,19.2,28,0.0,0,0,1820720.0,790735.8005705825,33011054.8,1.0,1.0,0,data_normal_s5
10,434.8,103.17247695000833,548,290,144.0,2.449489742783178,148,0.2,0.4000000000000001,1,19.3,29,0.0,0,0,1863360.0,810198.2122557418,33506216.4,1.0,1.0,0,data_normal_s5
5,360.0,83.04215796810678,523,295,2.2,0.7483314773547882,3,0.0,0.0,0,5.0,6,0.8,2,0,37139.2,7048.158182106869,2219331.2,1.0,1.0,0,data_normal_s6
9,442.8888888888889,113.41511210734215,636,315,4.666666666666667,1.247219128924647,6,0.3333333333333333,0.4714045207910317,1,6.555555555555555,7,0.8888888888888888,2,0,78151.11111111111,28734.605371860307,6951721.333333333,0.9629629629629629,0.6666666666666666,0,data_normal_s6
10,458.2,120.74584878992735,654,295,7.9,2.3430749027719964,10,0.4,0.4898979485566356,1,7.7,9,0.8,2,0,123846.4,54773.439729854465,9117638.0,0.9857142857142858,0.8571428571428571,0,data_normal_s6
10,461.4,103.10014548971306,607,298,11.8,2.2715633383201093,14,0.4,0.48989794855663565,1,8.4,9,0.8,2,0,177190.4,74594.66977633188,9645646.4,0.990909090909091,0.9090909090909091,0,data_normal_s6
10,448.6,104.67683602402205,610,279,15.2,2.315167380558045,17,0.4,0.48989794855663565,1,9.4,10,0.8,2,0,220812.8,90640.04174403276,10124963.2,0.9928571428571429,0.9285714285714286,0,data_normal_s6
10,458.8,96.24427255686439,622,323,18.7,2.193171219946131,21,0.4,0.48989794855663565,1,9.9,11,0.8,2,0,270534.4,111917.59235723398,10634729.2,0.9944444444444445,0.9444444444444444,0,data_normal_s6
10,462.1,100.36478466075638,648,306,22.3,2.193171219946131,25,0.4,0.4898979485566356,1,10.4,12,0.8,2,0,321948.8,138733.619778913,11161637.2,0.9954545454545455,0.9545454545454546,0,data_normal_s6
10,459.9,100.91030670848247,657,319,25.8,2.2715633383201093,29,0.4,0.48989794855663565,1,10.9,12,0.8,2,0,366787.2,157320.66726326838,11652588.0,0.9960000000000001,0.96,0,data_normal_s6
10,466.7,113.64422554621946,642,306,29.6,2.1540659228538015,32,0.4,0.48989794855663565,1,11.6,14,0.8,2,0,416035.2,180659.43729614568,12167176.8,0.9965517241379309,0.9655172413793104,0,data_normal_s6
10,479.8,117.02546731374329,619,319,33.2,2.227105745132009,36,0.4,0.4898979485566356,1,12.2,14,0.8,2,0,466249.6,206361.6192780043,12686596.8,0.9969696969696968,0.9696969696969697,0,data_normal_s6
10,462.9,117.3954428417049,595,309,37.0,2.04939015319192,40,0.4,0.48989794855663565,1,12.6,15,0.8,2,0,510396.8,225082.35623291312,13205299.6,0.9972972972972972,0.972972972972973,0,data_normal_s6
10,466.6,107.58921879073199,597,324,40.7,2.0024984394500787,44,0.4,0.48989794855663565,1,12.9,15,0.8,2,0,556153.6,246277.94371205877,13700804.4,0.9975609756097562,0.975609756097561,0,data_normal_s6
10,470.3,107.04022608346826,613,311,44.4,2.3748684174075834,48,0.4,0.48989794855663565,1,13.1,15,0.8,2,0,603638.4,271145.8717617511,14200832.0,0.9977272727272727,0.9772727272727273,0,data_normal_s6
10,467.3,113.43019880084844,622,266,48.3,2.3259406699226015,52,0.4,0.4898979485566356,1,13.4,16,0.8,2,0,652224.0,294410.9076240213,14728742.8,0.9979166666666666,0.9791666666666666,0,data_normal_s6
10,488.5,83.62206646573618,608,355,52.0,2.04939015319192,55,0.4,0.48989794855663565,1,13.9,17,0.8,2,0,702844.8,319247.0676315759,15245632.8,0.998076923076923,0.9807692307692307,0,data_normal_s6
10,480.5,100.90118928932404,591,334,55.7,2.2825424421026654,59,0.4,0.48989794855663565,1,14.3,17,0.8,2,0,750361.6,341268.9169283368,15744506.4,0.9982142857142857,0.9821428571428571,0,data_normal_s6
10,466.7,111.49533622533276,587,298,59.3,2.0999999999999996,62,0.4,0.4898979485566356,1,14.7,17,0.8,2,0,794582.4,358628.58768904634,16240800.4,0.9983050847457626,0.9830508474576272,0,data_normal_s6
10,452.7,113.4857259746793,575,293,63.1,1.972308292331602,66,0.4,0.4898979485566356,1,14.9,17,0.8,2,0,838505.6,377525.5286698371,16750775.2,0.9984126984126984,0.9841269841269841,0,data_normal_s6
10,449.7,126.79909305669344,582,271,66.8,1.98997487421324,70,0.4,0.48989794855663565,1,15.4,18,0.8,2,0,883996.8,395908.56911686057,17268916.0,0.9985074626865671,0.9850746268656716,0,data_normal_s6
10,456.7,118.36219835741477,596,301,70.3,1.8466185312619388,73,0.4,0.48989794855663565,1,15.5,18,0.8,2,0,927462.4,414191.93041757826,17750463.2,0.9985714285714286,0.9857142857142858,0,data_normal_s6
10,457.8,111.52111907616423,573,292,73.9,1.9723082923316018,77,0.4,0.4898979485566356,1,15.7,19,0.8,2,0,971574.4,435951.39887359005,18249964.4,0.9986486486486486,0.9864864864864865,0,data_normal_s6
10,449.8,129.92905756604256,607,282,77.8,2.0396078054371136,81,0.4,0.4898979485566356,1,15.7,19,0.8,2,0,1016377.6,455122.1567015167,18771299.6,0.9987012987012986,0.987012987012987,0,data_normal_s6
10,474.9,121.75586228186305,652,310,81.7,1.9000000000000001,84,0.4,0.48989794855663565,1,15.8,19,0.8,2,0,1067836.8,476648.3926377598,19293046.4,0.9987654320987656,0.9876543209876543,0,data_normal_s6
10,491.6,99.6977432041468,622,360,85.5,1.91049731745428,88,0.4,0.48989794855663565,1,15.9,20,0.8,2,0,1117715.2,503038.63230348425,19811943.6,0.9988235294117647,0.9882352941176471,0,data_normal_s6
10,485.1,117.95121873045655,683,325,88.9,2.071231517720798,92,0.4,0.4898979485566356,1,16.0,20,0.8,2,0,1161577.6,523067.68627610704,20269480.0,0.9988636363636363,0.9886363636363636,0,data_normal_s6
10,506.4,123.67554325734737,691,341,92.8,2.039607805437114,96,0.4,0.48989794855663565,1,16.2,21,0.8,2,0,1214531.2,544816.2178754961,20802030.8,0.9989130434782609,0.9891304347826086,0,data_normal_s6
10,497.6,130.44017785943103,692,299,96.6,2.1540659228538015,99,0.4,0.48989794855663565,1,16.4,21,0.8,2,0,1261532.8,562844.3692554452,21320024.8,0.9989583333333334,0.9895833333333334,0,data_normal_s6
10,480.5,139.40821353134112,659,291,100.2,1.98997487421324,103,0.4,0.48989794855663565,1,16.6,21,0.8,2,0,1306848.0,584280.9381905249,21821510.8,0.999,0.99,0,data_normal_s6
10,470.3,130.60708250320883,641,288,103.9,2.071231517720798,107,0.4,0.48989794855663565,1,16.9,22,0.8,2,0,1351075.2,603473.6831346997,22323350.8,0.9990291262135923,0.9902912621359223,0,data_normal_s6
10,457.4,127.91418998688144,624,290,107.5,2.1563858652847827,110,0.4,0.48989794855663565,1,17.0,22,0.8,2,0,1393526.4,621438.0356796967,22821533.2,0.9990654205607477,0.9906542056074766,0,data_normal_s6
10,455.6,129.53856568605352,635,272,111.3,2.0518284528683193,114,0.4,0.48989794855663565,1,17.2,22,0.8,2,0,1440294.4,642784.8630929636,23338964.8,0.9990990990990991,0.990990990990991,0,data_normal_s6
10,454.4,127.61833724038249,594,288,114.9,1.9209372712298545,117,0.4,0.4898979485566356,1,17.4,22,0.8,2,0,1486147.2,665021.0738382357,23859533.2,0.9991228070175439,0.9912280701754386,0,data_normal_s6
10,460.6,128.2397754208888,585,288,118.4,1.8,120,0.4,0.48989794855663565,1,18.0,23,0.8,2,0,1534422.4,683198.2307874048,24363087.6,0.9991525423728813,0.9915254237288136,0,data_normal_s6
10,475.3,136.00812475731,621,283,121.8,1.7776388834631178,123,0.4,0.48989794855663565,1,18.3,24,0.8,2,0,1580934.4,701815.2991326422,24841165.2,0.9991803278688526,0.9918032786885246,0,data_normal_s6
10,460.4,125.07054009637922,610,283,125.6,2.009975124224178,127,0.4,0.4898979485566356,1,18.6,25,0.8,2,0,1627529.6,724362.8291185572,25361414.8,0.9992063492063492,0.9920634920634921,0,data_normal_s6
10,444.2,112.06230409910373,615,300,129.4,1.907878402833891,131,0.4,0.48989794855663565,1,19.1,25,0.8,2,0,1676160.0,747446.0726457796,25882951.6,0.9992307692307693,0.9923076923076923,0,data_normal_s6
10,455.3,108.31440347433022,661,327,133.1,1.9209372712298545,135,0.4,0.48989794855663565,1,19.2,26,0.8,2,0,1722928.0,768717.1448047715,26388664.4,0.9992481203007518,0.9924812030075187,0,data_normal_s6
10,455.0,101.91859496676747,646,317,136.9,2.118962010041709,138,0.4,0.48989794855663565,1,19.5,27,0.8,2,0,1774169.6,796561.1827553738,26923098.0,0.9992700729927007,0.9927007299270073,0,data_normal_s6
10,440.0,110.3177229641729,592,283,140.4,2.009975124224178,142,0.4,0.48989794855663565,1,19.6,27,0.8,2,0,1816057.6,814927.0516225608,27398928.8,0.9992857142857143,0.9928571428571429,0,data_normal_s6
10,436.9,118.07239304765531,590,289,144.1,1.9209372712298545,146,0.4,0.48989794855663565,1,19.7,27,0.8,2,0,1859798.4,832399.9021762557,27890536.8,0.9993055555555556,0.9930555555555556,0,data_normal_s6
6,442.8333333333333,118.65554723184621,646,350,2.0,0.816496580927726,3,0.0,0.0,0,4.166666666666667,5,0.3333333333333333,1,0,44826.666666666664,16889.376647927405,4253907.333333333,1.0,1.0,0,data_normal_s7
10,471.0,131.20746929957915,657,307,4.4,1.4966629547095764,6,0.2,0.4000000000000001,1,5.7,8,0.3,1,0,77603.2,30041.78150776015,9591621.6,1.0,1.0,0,data_normal_s7
10,476.1,123.97213396566181,625,295,8.0,1.6733200530681511,10,0.2,0.4,1,7.2,9,0.3,1,0,131475.2,50680.23011155336,10113676.4,1.0,1.0,0,data_normal_s7
10,489.1,129.55419715316057,654,283,11.8,1.7776388834631176,14,0.2,0.4000000000000001,1,7.8,10,0.3,1,0,186924.8,70116.34666580967,10640790.0,1.0,1.0,0,data_normal_s7
10,467.6,121.85663707816657,627,306,15.4,1.8547236990991407,18,0.2,0.4000000000000001,1,8.8,11,0.3,1,0,233091.2,87781.41574251352,11142300.4,1.0,1.0,0,data_normal_s7
10,462.0,128.84176341543917,656,280,19.1,1.8681541692269403,22,0.2,0.4000000000000001,1,9.5,12,0.3,1,0,281836.8,101303.79468983381,11652736.4,1.0,1.0,0,data_normal_s7
10,447.3,136.08162991381312,644,274,22.7,1.7916472867168918,25,0.2,0.4000000000000001,1,9.7,12,0.3,1,0,323785.6,113816.21794032694,12152734.4,1.0,1.0,0,data_normal_s7
10,471.5,112.55687451239929,663,304,26.6,1.854723699099141,29,0.2,0.4000000000000001,1,10.2,13,0.3,1,0,377328.0,139171.2023545101,12671832.0,1.0,1.0,0,data_normal_s7
10,470.2,116.08686402862298,637,305,30.5,2.0124611797498106,33,0.2,0.4000000000000001,1,11.3,13,0.3,1,0,432480.0,158909.54359760776,13209916.4,1.0,1.0,0,data_normal_s7
10,468.8,107.68268198740222,591,313,33.7,1.6155494421403511,36,0.2,0.4000000000000001,1,11.6,14,0.3,1,0,474412.8,174242.02882932694,13671367.2,1.0,1.0,0,data_normal_s7
10,454.1,104.95089327871392,572,320,37.5,1.6278820596099706,40,0.2,0.4000000000000001,1,12.0,14,0.3,1,0,521542.4,193992.6912206746,14191470.0,1.0,1.0,0,data_normal_s7
10,456.4,106.98336319260112,589,314,41.4,1.562049935181331,44,0.2,0.4000000000000001,1,12.3,15,0.3,1,0,570467.2,214106.5628722296,14712818.4,1.0,1.0,0,data_normal_s7
10,461.4,117.05571323092265,648,308,45.2,1.7776388834631178,48,0.2,0.4000000000000001,1,12.4,15,0.3,1,0,620636.8,237872.21016201115,15229354.8,1.0,1.0,0,data_normal_s7
10,455.6,117.95948456991493,597,295,48.8,1.7776388834631178,52,0.2,0.4000000000000001,1,12.8,15,0.3,1,0,664867.2,249879.95026604275,15716360.8,1.0,1.0,0,data_normal_s7
10,452.8,121.55393864453755,588,288,52.6,1.562049935181331,55,0.2,0.4000000000000001,1,13.2,17,0.3,1,0,709689.6,264119.5434749954,16215236.0,1.0,1.0,0,data_normal_s7
10,523.8,114.60087259702694,708,370,56.4,1.8000000000000003,59,0.2,0.4000000000000001,1,13.8,17,0.3,1,0,767148.8,291873.9956340064,16750758.0,0.9982758620689655,0.9827586206896551,0,data_normal_s7
10,496.9,140.32565695552614,718,315,59.9,1.8138357147217055,63,0.2,0.4000000000000001,1,14.2,17,0.3,1,0,810428.8,304025.387554658,17234980.4,0.9983870967741936,0.9838709677419355,0,data_normal_s7
10,497.3,144.0403068588789,712,313,63.7,1.9,67,0.2,0.4000000000000001,1,14.5,17,0.3,1,0,860278.4,324312.5605224688,17755450.4,0.9984848484848484,0.9848484848484849,0,data_normal_s7
10,487.5,159.34443824620928,697,293,67.4,2.009975124224178,71,0.2,0.4000000000000001,1,14.8,18,0.3,1,0,907059.2,340823.24809343624,18271448.0,0.9985714285714286,0.9857142857142858,0,data_normal_s7
10,484.9,161.0375422067786,679,277,71.1,2.1656407827707715,75,0.2,0.4000000000000001,1,14.8,18,0.3,1,0,951564.8,355665.15652697836,18778832.8,0.9986486486486486,0.9864864864864865,0,data_normal_s7
10,471.3,163.17600926606826,684,272,74.9,2.3430749027719964,79,0.2,0.4000000000000001,1,14.8,18,0.3,1,0,994179.2,369007.748917228,19275824.8,0.9987179487179487,0.9871794871794872,0,data_normal_s7
10,478.0,140.82258341615523,690,286,78.4,2.1999999999999997,82,0.2,0.4000000000000001,1,14.9,19,0.3,1,0,1037568.0,387619.33577364276,19766543.6,0.9987654320987656,0.9876543209876543,0,data_normal_s7
10,475.5,139.7549641336579,710,296,82.3,2.1931712199461306,86,0.2,0.4000000000000001,1,14.9,19,0.3,1,0,1085459.2,408091.22047228605,20295562.8,0.9988235294117647,0.9882352941176471,0,data_normal_s7
10,460.4,154.08776719778893,693,275,86.0,2.32379000772445,90,0.2,0.4000000000000001,1,14.9,19,0.3,1,0,1126617.6,423220.7893993867,20790674.0,0.9988764044943821,0.9887640449438202,0,data_normal_s7
10,486.4,156.4609855523095,745,296,89.7,2.238302928559939,93,0.2,0.4000000000000001,1,15.0,19,0.3,1,0,1174124.8,438526.3731902107,21284328.4,0.9989130434782609,0.9891304347826086,0,data_normal_s7
10,478.0,162.1826131248353,728,296,93.1,2.4269322199023193,97,0.2,0.4000000000000001,1,15.0,19,0.3,1,0,1216051.2,453068.1927897389,21776452.4,0.9989583333333334,0.9895833333333334,0,data_normal_s7
10,467.7,154.7100837049738,689,279,96.9,2.3,101,0.2,0.4000000000000001,1,15.0,19,0.3,1,0,1259942.4,469138.73136955977,22289589.6,0.999,0.99,0,data_normal_s7
10,473.9,151.4941913077858,715,296,100.5,2.29128784747792,105,0.2,0.4000000000000001,1,15.2,19,0.3,1,0,1304768.0,487558.5274438342,22783816.4,0.9990384615384615,0.9903846153846154,0,data_normal_s7
10,481.4,136.24844953246256,723,309,104.2,2.3579652245103193,108,0.2,0.4000000000000001,1,15.5,19,0.3,1,0,1352963.2,508296.7325263463,23299619.2,0.9990654205607477,0.9906542056074766,0,data_normal_s7
10,465.1,138.24865279632925,702,281,108.2,2.3579652245103193,112,0.2,0.4000000000000001,1,15.7,20,0.3,1,0,1400604.8,526932.0680157547,23832955.6,0.9990990990990991,0.990990990990991,0,data_normal_s7
10,453.8,143.95471510165964,682,267,111.7,2.238302928559939,115,0.2,0.4000000000000001,1,16.2,20,0.3,1,0,1445011.2,544106.7532337381,24325537.6,0.9991304347826088,0.991304347826087,0,data_normal_s7
10,455.3,143.0692489670649,680,285,115.5,2.202271554554524,119,0.2,0.4000000000000001,1,16.6,21,0.3,1,0,1491545.6,559512.0993757329,24834112.8,0.9991596638655462,0.9915966386554622,0,data_normal_s7
10,463.5,133.17526046529815,647,299,119.0,2.1447610589527217,122,0.2,0.4000000000000001,1,17.1,22,0.3,1,0,1540652.8,579300.8708097719,25334214.4,0.9991803278688524,0.9918032786885246,0,data_normal_s7
10,442.4,141.52399089906984,655,275,122.6,2.1540659228538015,126,0.2,0.4000000000000001,1,17.4,22,0.3,1,0,1582691.2,596097.9424404685,25824348.4,0.9992063492063492,0.9920634920634921,0,data_normal_s7
10,469.4,123.98483778269019,641,290,126.5,2.1095023109728985,130,0.2,0.4000000000000001,1,17.7,22,0.3,1,0,1636131.2,617130.2058082719,26355802.4,0.9992307692307693,0.9923076923076923,0,data_normal_s7
10,478.5,124.78802025835653,671,304,130.1,1.8681541692269403,133,0.2,0.4000000000000001,1,18.2,23,0.3,1,0,1688566.4,635063.5692758954,26879422.0,0.9992537313432835,0.9925373134328358,0,data_normal_s7
10,469.9,121.53390473444026,686,309,133.7,2.0999999999999996,136,0.2,0.4000000000000001,1,18.6,23,0.3,1,0,1734576.0,653343.5748247624,27373425.2,0.9992700729927007,0.9927007299270073,0,data_normal_s7
10,453.5,132.68100843753035,669,293,137.7,2.0999999999999996,140,0.2,0.4000000000000001,1,18.7,23,0.3,1,0,1781622.4,669980.8262885141,27904692.0,0.999290780141844,0.9929078014184397,0,data_normal_s7
10,459.1,126.27466095777093,660,288,141.1,1.9209372712298545,144,0.2,0.4000000000000001,1,18.7,23,0.3,1,0,1824905.6,688278.3611096895,28376518.8,0.9993103448275862,0.993103448275862,0,data_normal_s7
10,442.8,130.69185131445647,649,283,144.9,1.972308292331602,148,0.2,0.4000000000000001,1,18.9,24,0.3,1,0,1868441.6,704030.8918022277,28884128.8,0.9993288590604028,0.9932885906040269,0,data_normal_s7
3,313.3333333333333,14.197026292697903,333,300,1.3333333333333333,0.4714045207910317,2,0.0,0.0,0,4.333333333333333,5,0.0,0,0,27520.0,6728.883017757603,2352149.3333333335,1.0,1.0,1,data_rank
9,400.3333333333333,84.07932762179615,504,256,3.7777777777777777,1.3966450099973926,6,0.1111111111111111,0.31426968052735443,1,6.333333333333333,11,0.0,0,0,72032.0,41168.54687204244,9828329.333333334,1.0,1.0,1,data_rank
10,445.1,134.40866787525275,642,256,6.7,2.5317977802344327,9,0.2,0.4000000000000001,1,8.1,16,0.0,0,0,120592.0,64179.79903988482,13631002.0,1.0,1.0,1,data_rank
10,461.3,123.34346354793188,609,256,10.1,3.448187929913334,13,0.2,0.4000000000000001,1,9.2,22,0.0,0,0,175014.4,90848.81583289901,14170836.4,1.0,1.0,1,data_rank
10,447.1,114.59445885382068,576,256,13.3,4.405678154382138,17,0.2,0.4000000000000001,1,10.5,27,0.0,0,0,225718.4,119587.27021485187,14675268.0,1.0,1.0,1,data_rank
10,459.6,116.70235644578904,595,256,16.4,5.425863986500215,20,0.2,0.4000000000000001,1,11.3,30,0.0,0,0,276201.6,146298.28723754766,15163035.2,1.0,1.0,1,data_rank
10,456.3,129.43341917758335,605,256,19.9,6.518435395092905,24,0.2,0.4000000000000001,1,12.2,34,0.0,0,0,329312.0,168836.69621974957,15697166.0,1.0,1.0,1,data_rank
10,437.7,132.9346079845275,585,256,23.2,7.6000000000000005,28,0.2,0.4000000000000001,1,12.7,39,0.0,0,0,377776.0,200971.10198633035,16211220.8,1.0,1.0,1,data_rank
10,412.1,121.06399134342135,579,256,26.5,8.697700845625814,32,0.2,0.4000000000000001,1,14.2,44,0.0,0,0,429760.0,231109.2855668071,16719599.2,1.0,1.0,1,data_rank
10,397.5,113.71917164664892,547,256,29.8,9.80612053770501,36,0.2,0.4000000000000001,1,15.2,48,0.0,0,0,476307.2,255080.0920859172,17222586.0,1.0,1.0,1,data_rank
10,404.4,100.67194246660785,529,256,33.3,10.92748827498799,39,0.2,0.4000000000000001,1,15.9,52,0.0,0,0,523808.0,275433.9515339385,17750833.2,1.0,1.0,1,data_rank
10,413.9,110.038584142109,562,256,36.6,12.026637102698329,43,0.2,0.4000000000000001,1,16.5,56,0.0,0,0,573257.6,302111.3136481982,18267027.2,1.0,1.0,1,data_rank
10,432.0,118.83686296768356,579,256,39.6,12.963024338479043,46,0.2,0.4000000000000001,1,17.1,59,0.0,0,0,623254.4,321804.92417960294,18755176.4,1.0,1.0,1,data_rank
10,421.6,121.71376257432846,583,256,43.1,14.145317246354002,50,0.2,0.4,1,17.8,63,0.0,0,0,672723.2,345396.9949553122,19270627.6,1.0,1.0,1,data_rank
10,401.9,112.03789537473472,555,256,46.4,15.226293048539425,54,0.2,0.4000000000000001,1,18.2,66,0.0,0,0,717619.2,369640.63948348537,19779680.0,1.0,1.0,1,data_rank
10,418.1,108.43288246652857,559,256,49.7,16.358789686281806,58,0.2,0.4000000000000001,1,19.3,72,0.0,0,0,768889.6,401458.70184894494,20303676.0,1.0,1.0,1,data_rank
10,425.0,115.19895832862379,571,256,53.0,17.44133022449836,62,0.2,0.4000000000000001,1,20.0,75,0.0,0,0,816710.4,425003.6425300847,20825290.4,0.9981818181818183,0.9818181818181818,1,data_rank
10,455.2,124.42170228702065,674,256,56.2,18.519179247472064,65,0.2,0.4000000000000001,1,20.7,79,0.0,0,0,866038.4,453828.51861803484,21313056.4,0.9982758620689655,0.9827586206896551,1,data_rank
10,460.7,124.39296603908117,663,256,59.7,19.667485858644973,69,0.2,0.4000000000000001,1,21.6,82,0.0,0,0,917168.0,475274.0638309648,21842084.0,0.9983870967741936,0.9838709677419355,1,data_rank
10,447.7,132.16811264446505,699,256,62.9,20.738611332488006,73,0.2,0.4000000000000001,1,22.1,86,0.0,0,0,966083.2,502670.7270468014,22349095.6,0.9984848484848484,0.9848484848484849,1,data_rank
10,449.5,121.29901071319584,667,256,66.4,21.905250512148907,77,0.2,0.4000000000000001,1,22.7,91,0.0,0,0,1019910.4,539877.2630269217,22880921.6,0.9985714285714286,0.9857142857142858,1,data_rank
10,455.1,115.67839037607673,657,256,69.8,23.033888078220752,81,0.2,0.4000000000000001,1,23.1,94,0.0,0,0,1067724.8,560635.8352722024,23403820.4,0.9986486486486486,0.9864864864864865,1,data_rank
10,471.0,169.30564078021737,806,256,73.1,24.1141037569303,84,0.2,0.4000000000000001,1,23.5,98,0.0,0,0,1116585.6,586360.6160722597,23897086.8,0.9974833808167141,0.9871794871794872,1,data_rank
10,458.8,163.52602239399084,757,256,76.6,25.287150887357793,88,0.2,0.4000000000000001,1,24.0,102,0.0,0,0,1164985.6,614567.2472032983,24408987.2,0.9975900116144019,0.9878048780487805,1,data_rank
10,453.5,145.7046670494806,667,256,79.9,26.39109698364204,92,0.2,0.4000000000000001,1,24.5,107,0.0,0,0,1211779.2,640812.158358563,24917298.4,0.9976871657754011,0.9882352941176471,1,data_rank
10,448.2,137.2900579066088,695,256,83.4,27.56156744454132,96,0.2,0.4000000000000001,1,25.0,111,0.0,0,0,1259689.6,665106.0610403727,25448457.6,0.9977894479726428,0.9887640449438202,1,data_rank
10,436.5,131.85844682840764,664,256,86.9,28.727861041156544,100,0.2,0.4000000000000001,1,25.4,114,0.0,0,0,1306070.4,691153.8313543809,25953832.4,0.997883064516129,0.989247311827957,1,data_rank
10,442.1,120.52008131427726,661,256,89.9,29.720195154137198,103,0.2,0.4000000000000001,1,25.9,117,0.0,0,0,1348553.6,714069.5961670963,26416882.4,0.9979482323232324,0.9895833333333334,1,data_rank
10,457.3,130.2920181745605,728,256,93.3,30.84817660737827,107,0.2,0.4000000000000001,1,26.7,122,0.0,0,0,1406924.8,754702.6152180473,26964031.6,0.9980291262135921,0.99,1,data_rank
10,459.9,141.93833167964178,708,256,96.8,32.005624505702116,111,0.2,0.4000000000000001,1,27.3,126,0.0,0,0,1460470.4,778781.1844695788,27507784.0,0.9981038820992092,0.9903846153846154,1,data_rank
10,460.5,150.50930203811325,684,256,99.9,33.03467874824879,115,0.2,0.4000000000000001,1,27.7,128,0.0,0,0,1503232.0,796334.0616158523,27968067.2,0.9981649831649833,0.9907407407407407,1,data_rank
10,469.2,155.6212067810811,719,256,103.3,34.1586006739152,118,0.2,0.4000000000000001,1,28.6,133,0.0,0,0,1558812.8,830083.4744044482,28500320.8,0.9982299498746867,0.9910714285714286,1,data_rank
10,465.9,158.4117735523468,728,256,106.7,35.29886683733629,122,0.2,0.4000000000000001,1,29.6,139,0.0,0,0,1611462.4,862398.9887994071,29037916.8,0.9982904734073642,0.9913793103448276,1,data_rank
10,443.4,162.4568865884115,719,256,109.9,36.37430411705493,126,0.2,0.4000000000000001,1,30.3,142,0.0,0,0,1653827.2,877956.4558510631,29534945.6,0.9983332175845545,0.9915966386554622,1,data_rank
10,442.2,140.2175452644925,697,256,113.4,37.53185313836768,130,0.2,0.4000000000000001,1,31.1,146,0.0,0,0,1704502.4,908142.7771220999,30058683.2,0.9975935483870968,0.984,1,data_rank
10,443.9,137.96263987036488,673,256,116.8,38.664712594302316,133,0.2,0.4000000000000001,1,31.8,151,0.0,0,0,1758908.8,942174.1739288762,30583896.0,0.9984374046267472,0.9921259842519685,1,data_rank
10,458.5,134.57581506348012,700,256,119.7,39.633445472227116,137,0.2,0.4000000000000001,1,32.3,154,0.0,0,0,1803872.0,961435.8335473044,31057550.8,0.9984790654637983,0.9923664122137404,1,data_rank
10,457.8,131.65697854652447,694,256,123.3,40.8314829512718,141,0.2,0.4000000000000001,1,32.9,158,0.0,0,0,1854425.6,987792.0162288416,31598790.4,0.9985239651416122,0.9925925925925926,1,data_rank
10,460.2,124.80528834949261,693,256,126.6,41.94567915769156,145,0.2,0.4000000000000001,1,33.3,162,0.0,0,0,1909270.4,1021788.1089074388,32141539.2,0.9985662898252826,0.9928057553956835,1,data_rank
10,459.1,130.6533198965874,694,256,129.9,43.02894374720346,148,0.2,0.4000000000000001,1,33.7,165,0.0,0,0,1955350.4,1044548.6656889855,32637326.4,0.9986062548562549,0.993006993006993,1,data_rank
3,287.6666666666667,22.57333727111602,307,256,1.3333333333333333,0.4714045207910317,2,0.0,0.0,0,4.333333333333333,5,0.0,0,0,27520.0,6728.883017757603,2352149.3333333335,1.0,1.0,1,data_rank_a5
9,415.55555555555554,106.87699171489012,589,256,3.4444444444444446,1.1653431646335017,5,0.1111111111111111,0.31426968052735443,1,6.0,7,0.0,0,0,67488.0,29253.290063778393,9807726.222222222,1.0,1.0,1,data_rank_a5
10,438.0,111.77745747689916,560,256,6.5,2.247220505424423,9,0.2,0.4000000000000001,1,7.5,9,0.0,0,0,116643.2,59316.299083472826,13608800.8,1.0,1.0,1,data_rank_a5
10,426.3,111.07299401744783,564,256,9.8,3.1240998703626617,12,0.2,0.4000000000000001,1,8.0,10,0.0,0,0,161424.0,79409.90463160121,14109744.4,1.0,1.0,1,data_rank_a5
10,442.2,118.54433769691406,594,256,13.2,4.214261501141095,16,0.2,0.4000000000000001,1,8.9,11,0.0,0,0,213152.0,104222.98703836885,14636754.8,1.0,1.0,1,data_rank_a5
10,427.5,113.47444646262876,569,256,16.4,5.276362383309167,20,0.2,0.4000000000000001,1,9.4,11,0.0,0,0,255097.6,123418.4467923657,15126418.0,1.0,1.0,1,data_rank_a5
10,428.0,108.43246746247178,556,256,20.0,6.44980619863884,24,0.2,0.4000000000000001,1,9.9,12,0.0,0,0,304793.6,147086.2905502753,15648327.2,1.0,1.0,1,data_rank_a5
10,427.3,119.79820532879445,546,256,23.0,7.4565407529228995,27,0.2,0.4000000000000001,1,10.4,12,0.0,0,0,348416.0,162780.8591008169,16135486.4,1.0,1.0,1,data_rank_a5
10,419.5,109.21469681320367,533,256,26.4,8.604649905719581,31,0.2,0.4000000000000001,1,11.0,13,0.0,0,0,395132.8,186235.1226577844,16648776.4,1.0,1.0,1,data_rank_a5
10,414.0,111.12155506471281,540,256,29.7,9.664884893261792,35,0.2,0.4000000000000001,1,11.6,13,0.0,0,0,438896.0,202680.49408268178,17152343.2,1.0,1.0,1,data_rank_a5
10,417.8,107.11283769931595,536,256,33.2,10.814804667676619,39,0.2,0.4000000000000001,1,11.9,13,0.0,0,0,486140.8,225753.4771899649,17672511.2,1.0,1.0,1,data_rank_a5
10,418.2,95.44191951129231,515,256,36.6,11.968291440301744,43,0.2,0.4000000000000001,1,12.1,14,0.0,0,0,532665.6,253029.70619087396,18179635.2,1.0,1.0,1,data_rank_a5
10,417.1,111.56025277848737,523,256,39.8,13.029197979921864,47,0.2,0.4000000000000001,1,12.4,14,0.0,0,0,575715.2,270199.4937363133,18658794.4,1.0,1.0,1,data_rank_a5
10,421.9,112.55794063503473,545,256,43.3,14.184851074297537,51,0.2,0.4000000000000001,1,12.8,15,0.0,0,0,625596.8,292917.8410123904,19169355.2,1.0,1.0,1,data_rank_a5
10,428.7,109.91546751936235,551,256,46.8,15.341447128612087,55,0.2,0.4000000000000001,1,13.0,15,0.0,0,0,674172.8,315095.613480353,19701600.4,1.0,1.0,1,data_rank_a5
10,441.0,120.96693763173474,575,256,50.1,16.440498775888763,58,0.2,0.4000000000000001,1,13.5,16,0.0,0,0,723808.0,333627.0845599919,20205690.0,1.0,1.0,1,data_rank_a5
10,473.9,148.5654401265651,713,256,53.5,17.562744660217547,62,0.2,0.4000000000000001,1,13.8,16,0.0,0,0,771369.6,359230.1360507495,20717365.2,1.0,1.0,1,data_rank_a5
10,478.1,160.02027996475945,714,256,56.8,18.675117134840146,66,0.2,0.4000000000000001,1,14.2,17,0.0,0,0,820419.2,384394.9745885864,21231024.8,1.0,1.0,1,data_rank_a5
10,498.4,187.05304060613398,846,256,60.0,19.712939912656356,69,0.2,0.4000000000000001,1,14.6,17,0.0,0,0,871964.8,400855.6072754378,21727686.4,0.9984848484848484,0.9848484848484849,1,data_rank_a5
10,481.8,169.52038225535006,816,256,63.1,20.772337374498807,73,0.2,0.4000000000000001,1,14.6,17,0.0,0,0,922387.2,421253.47701088473,22243406.4,0.9985714285714286,0.9857142857142858,1,data_rank_a5
10,479.0,147.7105277222988,786,256,66.6,21.928064210048273,77,0.2,0.4000000000000001,1,14.7,18,0.0,0,0,973462.4,439920.29976058163,22773890.8,0.9986486486486486,0.9864864864864865,1,data_rank_a5
10,458.9,148.84182879822458,759,256,69.7,22.95234192843946,80,0.2,0.4000000000000001,1,14.7,18,0.0,0,0,1017030.4,453953.8469552164,23248277.6,0.9987012987012986,0.987012987012987,1,data_rank_a5
10,454.6,155.39382227102854,759,256,73.1,24.085057608401105,84,0.2,0.4000000000000001,1,14.8,18,0.0,0,0,1065267.2,473309.2268893139,23766687.2,0.9987654320987656,0.9876543209876543,1,data_rank_a5
10,463.7,138.9626208733845,735,256,76.6,25.2475741408952,88,0.2,0.4000000000000001,1,14.9,19,0.0,0,0,1117123.2,495848.5509065848,24294998.0,0.9988235294117647,0.9882352941176471,1,data_rank_a5
10,452.9,151.39184258076787,719,256,79.9,26.334198298030646,91,0.2,0.4000000000000001,1,14.9,19,0.0,0,0,1162844.8,509834.49980651564,24789982.4,0.9988764044943821,0.9887640449438202,1,data_rank_a5
10,443.2,146.21408960835475,709,256,83.2,27.43647207641682,95,0.2,0.4000000000000001,1,14.9,19,0.0,0,0,1208185.6,530019.0009550978,25286196.0,0.9989247311827956,0.989247311827957,1,data_rank_a5
10,446.2,129.43399862478174,703,256,86.5,28.53857039166468,99,0.2,0.4000000000000001,1,15.0,20,0.0,0,0,1255916.8,552563.0864740786,25801354.4,0.9989583333333334,0.9895833333333334,1,data_rank_a5
10,451.0,144.92963810070043,712,256,90.0,29.7018517941222,103,0.2,0.4000000000000001,1,15.3,20,0.0,0,0,1307552.0,570853.0886930542,26328088.4,0.999,0.99,1,data_rank_a5
10,464.0,139.73546436034053,728,256,93.2,30.75971391284386,106,0.2,0.4000000000000001,1,15.5,20,0.0,0,0,1354678.4,589705.3952019092,26802101.2,0.9990384615384615,0.9903846153846154,1,data_rank_a5
10,479.4,151.71235941741858,735,256,96.7,31.931332574761107,110,0.2,0.4000000000000001,1,15.7,21,0.0,0,0,1408905.6,611173.210059996,27339408.8,0.999074074074074,0.9907407407407407,1,data_rank_a5
10,459.4,149.86874257162498,719,256,100.1,33.06493611062934,114,0.2,0.4000000000000001,1,16.2,22,0.0,0,0,1459523.2,633360.7316221618,27858448.4,0.9991071428571429,0.9910714285714286,1,data_rank_a5
10,447.0,146.23952953972466,711,256,103.3,34.1351724764941,118,0.2,0.4000000000000001,1,16.5,22,0.0,0,0,1505440.0,651645.825178064,28357593.6,0.9991304347826088,0.991304347826087,1,data_rank_a5
10,461.5,140.94839481171823,716,256,106.8,35.30665659617178,122,0.2,0.4000000000000001,1,16.8,22,0.0,0,0,1557523.2,674737.495008659,28878292.0,0.9991596638655462,0.9915966386554622,1,data_rank_a5
10,449.7,144.92829261396824,707,256,110.1,36.393543383408,125,0.2,0.4000000000000001,1,16.8,22,0.0,0,0,1602956.8,688125.1614822408,29378251.6,0.9991869918699188,0.991869918699187,1,data_rank_a5
10,445.3,140.53330566097134,710,256,113.4,37.48386319471353,128,0.2,0.4000000000000001,1,17.5,23,0.0,0,0,1653494.4,708553.8028479136,29890337.2,0.9992125984251968,0.9921259842519685,1,data_rank_a5
10,451.0,136.21233424326888,703,256,116.8,38.62330902447381,132,0.2,0.4000000000000001,1,17.8,24,0.0,0,0,1704896.0,731405.6330545999,30420469.6,0.9992366412213741,0.9923664122137404,1,data_rank_a5
10,473.5,124.7960335908157,708,256,120.3,39.79208464003865,136,0.2,0.4000000000000001,1,17.8,24,0.0,0,0,1757363.2,755107.3685834088,30955820.4,0.9992592592592592,0.9925925925925926,1,data_rank_a5
10,460.3,139.5650744276662,703,256,123.4,40.819603133788554,139,0.2,0.4000000000000001,1,17.9,24,0.0,0,0,1803980.8,773499.852141783,31425862.4,0.9992753623188406,0.9927536231884058,1,data_rank_a5
10,464.7,139.32842495341717,699,256,126.8,41.95187719280271,143,0.2,0.4000000000000001,1,18.1,25,0.0,0,0,1857516.8,799626.4076415686,31951293.6,0.9992957746478872,0.9929577464788732,1,data_rank_a5
10,460.2,143.68493310016885,695,256,130.2,43.08317537043898,146,0.2,0.4000000000000001,1,18.1,25,0.0,0,0,1905376.0,816694.9921296199,32468767.2,0.9993150684931507,0.9931506849315068,1,data_rank_a5
3,313.3333333333333,14.197026292697903,333,300,1.3333333333333333,0.4714045207910317,2,0.0,0.0,0,4.333333333333333,5,0.0,0,0,27520.0,6728.883017757603,2352149.3333333335,1.0,1.0,1,data_rank_a11
9,418.6666666666667,111.71491494971575,581,256,3.4444444444444446,1.3425606637327303,5,0.1111111111111111,0.31426968052735443,1,6.444444444444445,11,0.0,0,0,70243.55555555556,33139.472345799724,9810124.888888888,1.0,1.0,1,data_rank_a11
10,436.3,126.70915515462961,629,256,6.5,2.5,9,0.2,0.4000000000000001,1,8.1,17,0.0,0,0,118713.6,66056.90141567343,13771464.8,1.0,1.0,1,data_rank_a11
10,444.3,128.0258177087731,638,256,9.9,3.3301651610693423,13,0.2,0.4000000000000001,1,8.9,20,0.0,0,0,167910.4,86500.40601430724,14291203.2,1.0,1.0,1,data_rank_a11
10,441.5,129.08156336208512,682,256,13.2,4.467661580737736,17,0.2,0.4,1,10.5,26,0.0,0,0,220416.0,114513.4770339282,14802353.2,1.0,1.0,1,data_rank_a11
10,431.3,121.11733979905603,603,256,16.6,5.517245689653488,21,0.2,0.4000000000000001,1,11.5,30,0.0,0,0,268880.0,140112.350073789,15314355.6,1.0,1.0,1,data_rank_a11
10,440.5,125.13932235712322,586,256,19.9,6.503076195155644,24,0.2,0.4000000000000001,1,12.0,33,0.0,0,0,314505.6,156876.17091910422,15815464.4,1.0,1.0,1,data_rank_a11
10,431.9,130.86821615655955,601,256,23.2,7.56042326857432,28,0.2,0.4000000000000001,1,12.7,37,0.0,0,0,365702.4,183881.0694874271,16341184.8,1.0,1.0,1,data_rank_a11
10,435.1,131.70227788462887,667,256,26.5,8.697700845625814,32,0.2,0.4000000000000001,1,13.6,43,0.0,0,0,415139.2,214639.39706810584,16847934.0,0.9964285714285713,0.9642857142857143,1,data_rank_a11
10,430.6,128.25381085956082,641,256,29.8,9.765244492586962,36,0.2,0.4000000000000001,1,14.8,47,0.0,0,0,466192.0,242238.24242427124,17364662.4,0.996875,0.96875,1,data_rank_a11
10,429.6,121.23217394734782,597,256,33.3,10.91833320612629,40,0.2,0.4000000000000001,1,15.6,52,0.0,0,0,517177.6,270066.6157062735,17888924.4,0.9972222222222221,0.9722222222222222,1,data_rank_a11
10,428.7,127.352306614368,594,256,36.2,11.881077392223316,43,0.2,0.4000000000000001,1,16.2,55,0.0,0,0,563084.8,288683.88462842884,18390685.2,0.9974999999999999,0.975,1,data_rank_a11
10,442.5,137.495636294393,675,256,39.5,12.986531484580476,47,0.2,0.4000000000000001,1,16.9,61,0.0,0,0,613177.6,316790.73951717716,18882128.4,0.9976744186046511,0.9767441860465116,1,data_rank_a11
10,443.6,133.847824039093,620,256,42.9,14.117011015083895,50,0.2,0.4000000000000001,1,17.7,65,0.0,0,0,662560.0,340930.811026519,19403693.2,0.997872340425532,0.9787234042553191,1,data_rank_a11
10,424.1,122.89951179724027,584,256,46.3,15.244999180059013,54,0.2,0.4000000000000001,1,18.2,69,0.0,0,0,712374.4,370109.7584023421,19941068.4,0.9980392156862745,0.9803921568627451,1,data_rank_a11
10,463.7,133.08121580448534,642,256,49.4,16.25546062097288,58,0.2,0.4000000000000001,1,19.1,71,0.0,0,0,764828.8,396098.315701746,20418324.4,0.9981818181818183,0.9818181818181818,1,data_rank_a11
10,458.2,140.09482502933506,649,256,52.9,17.397988389466178,61,0.2,0.4000000000000001,1,19.8,75,0.0,0,0,815728.0,417507.8416624052,20948099.6,0.9983050847457626,0.9830508474576272,1,data_rank_a11
10,454.8,137.24489061527936,643,256,56.3,18.531324831214846,65,0.2,0.4000000000000001,1,20.8,80,0.0,0,0,868112.0,442002.98233202,21479276.4,0.9983870967741936,0.9838709677419355,1,data_rank_a11
10,435.8,130.93418193886578,602,256,59.7,19.667485858644973,69,0.2,0.4000000000000001,1,21.4,84,0.0,0,0,916982.4,471107.0789303001,21992324.8,0.9984848484848484,0.9848484848484849,1,data_rank_a11
10,440.8,130.96320093827882,630,256,62.7,20.678733036624852,73,0.2,0.4000000000000001,1,21.7,87,0.0,0,0,962902.4,493777.1662706165,22474705.2,0.9985714285714286,0.9857142857142858,1,data_rank_a11
10,443.7,114.075457483194,581,256,66.0,21.78531615561271,77,0.2,0.4000000000000001,1,22.3,91,0.0,0,0,1013123.2,521155.72135721584,22990382.4,0.9986301369863014,0.9863013698630136,1,data_rank_a11
10,443.6,109.98836302082144,626,256,69.4,22.887551201471947,80,0.2,0.4000000000000001,1,22.8,95,0.0,0,0,1062428.8,544420.1849154383,23508492.4,0.9987012987012986,0.987012987012987,1,data_rank_a11
10,442.4,122.42973495029712,649,256,72.9,24.039342753078756,83,0.2,0.4000000000000001,1,23.3,99,0.0,0,0,1114406.4,572167.1548187995,24038856.8,0.9987654320987656,0.9876543209876543,1,data_rank_a11
10,437.4,123.97919180249563,641,256,76.1,25.137422302217068,87,0.2,0.4000000000000001,1,23.8,103,0.0,0,0,1162640.0,606022.3094401724,24518325.6,0.9988095238095237,0.9880952380952381,1,data_rank_a11
10,427.2,129.54829215393,680,256,79.6,26.299049412478773,91,0.2,0.4000000000000001,1,24.1,106,0.0,0,0,1209657.6,628467.9943130278,25037037.2,0.9988636363636363,0.9886363636363636,1,data_rank_a11
10,408.0,120.13325934144966,614,256,82.9,27.39142201493015,95,0.2,0.4000000000000001,1,24.7,110,0.0,0,0,1256396.8,651642.6880474912,25552496.0,0.9989130434782609,0.9891304347826086,1,data_rank_a11
10,409.6,121.00264459919873,647,256,86.1,28.440991543896637,98,0.2,0.4000000000000001,1,25.0,113,0.0,0,0,1302745.6,675853.477108049,26055724.0,0.9989583333333334,0.9895833333333334,1,data_rank_a11
10,419.2,115.21267291405057,605,256,89.3,29.52642883926195,102,0.2,0.4000000000000001,1,25.6,117,0.0,0,0,1348707.2,698525.2778104455,26554856.8,0.998989898989899,0.98989898989899,1,data_rank_a11
10,425.7,107.27539326425236,563,256,92.8,30.684849681886988,106,0.2,0.4000000000000001,1,26.3,122,0.0,0,0,1399337.6,727719.7575840853,27081309.2,0.9990291262135923,0.9902912621359223,1,data_rank_a11
10,439.4,111.33750491186696,589,256,96.2,31.808175049820132,110,0.2,0.4000000000000001,1,26.9,127,0.0,0,0,1451667.2,757708.3452934645,27601893.6,0.9990654205607477,0.9906542056074766,1,data_rank_a11
10,433.9,116.76253680012266,600,256,99.6,32.9338731399755,114,0.2,0.4000000000000001,1,27.8,131,0.0,0,0,1500841.6,778607.7857328682,28143077.6,0.9990990990990991,0.990990990990991,1,data_rank_a11
10,435.9,117.58439522317576,585,256,102.9,34.03659794985392,118,0.2,0.4000000000000001,1,28.3,135,0.0,0,0,1547641.6,798438.7808521326,28636240.0,0.9991304347826088,0.991304347826087,1,data_rank_a11
10,447.7,131.11525464262348,660,256,106.0,35.06850438784066,121,0.2,0.4000000000000001,1,28.9,139,0.0,0,0,1598051.2,832489.0817817132,29111554.4,0.9991525423728813,0.9915254237288136,1,data_rank_a11
10,462.2,130.0951959143765,639,256,109.6,36.26623774256161,125,0.2,0.4000000000000001,1,30.0,145,0.0,0,0,1654646.4,857135.7520807541,29667068.8,0.9991803278688526,0.9918032786885246,1,data_rank_a11
10,467.2,136.15784957173787,674,256,112.9,37.369640083896975,129,0.2,0.4000000000000001,1,30.7,148,0.0,0,0,1705644.8,878507.1265765349,30175717.2,0.9992000000000001,0.992,1,data_rank_a11
10,437.7,127.00397631570439,595,256,116.3,38.50207786600614,133,0.2,0.4000000000000001,1,31.4,152,0.0,0,0,1752611.2,903875.7438370388,30683905.2,0.9992248062015504,0.9922480620155039,1,data_rank_a11
10,442.2,129.3002706880384,624,256,119.6,39.6010100881278,136,0.2,0.4000000000000001,1,32.0,156,0.0,0,0,1803280.0,929439.8645136758,31209622.0,0.9992481203007518,0.9924812030075187,1,data_rank_a11
10,422.0,126.17051953606278,584,256,123.0,40.73818847224309,140,0.2,0.4000000000000001,1,32.7,160,0.0,0,0,1849452.8,953510.0090907068,31709920.4,0.9992647058823529,0.9926470588235294,1,data_rank_a11
10,433.1,112.26704770323302,568,256,126.3,41.845071394370926,144,0.2,0.4000000000000001,1,33.2,164,0.0,0,0,1898275.2,982665.4397306134,32221851.6,0.9992857142857143,0.9928571428571429,1,data_rank_a11
10,456.6,123.79676894006563,633,256,129.6,42.93762918466739,148,0.2,0.4000000000000001,1,33.7,167,0.0,0,0,1951334.4,1006159.5210099838,32728052.0,0.9993055555555556,0.9930555555555556,1,data_rank_a11
5,332.2,44.047247360079155,384,256,1.6,0.4898979485566356,2,0.0,0.0,0,4.0,6,0.0,0,0,36940.8,9542.432193104649,4546649.6,1.0,1.0,1,data_rank_s2
10,487.6,153.02627225414597,694,256,3.8,1.7776388834631176,6,0.0,0.0,0,6.1,12,0.0,0,0,85734.4,38870.42726598204,9521918.0,0.9466666666666667,0.6666666666666666,1,data_rank_s2
10,451.6,147.30594013820354,649,256,7.2,2.5612496949731396,10,0.0,0.0,0,7.5,16,0.0,0,0,137206.4,56581.34825399621,10038754.8,0.9857142857142858,0.8571428571428571,1,data_rank_s2
10,439.1,149.27320590112615,667,256,10.2,3.340658617698013,13,0.0,0.0,0,8.7,20,0.0,0,0,181772.8,69404.35317298188,10520581.6,0.990909090909091,0.9090909090909091,1,data_rank_s2
10,393.8,110.92862570139414,541,256,13.6,4.476605857119878,17,0.0,0.0,0,9.9,25,0.0,0,0,228700.8,90923.72632575064,11038360.4,0.9933333333333334,0.9333333333333333,1,data_rank_s2
10,398.0,114.2628548566856,535,256,17.1,5.61159513863928,21,0.0,0.0,0,10.9,29,0.0,0,0,277504.0,110133.20853584535,11548070.4,0.9947368421052631,0.9473684210526315,1,data_rank_s2
10,409.1,100.7168804123718,526,256,20.4,6.606057825965498,24,0.0,0.0,0,11.5,33,0.0,0,0,325046.4,128354.35434390217,12043178.0,0.9954545454545455,0.9545454545454546,1,data_rank_s2
10,406.0,95.57300874200833,526,256,23.9,7.738862965578343,28,0.0,0.0,0,12.6,39,0.0,0,0,377648.0,146056.7914970064,12583285.6,0.992153846153846,0.96,1,data_rank_s2
10,408.3,105.75353421990208,594,256,27.3,8.866228059327145,32,0.0,0.0,0,14.4,49,0.0,0,0,435926.4,178233.2620916758,13117346.0,0.993095238095238,0.9642857142857143,1,data_rank_s2
10,415.0,102.55925116731304,567,256,30.3,9.889893831583835,35,0.0,0.0,0,15.5,57,0.0,0,0,488252.8,208004.51168029985,13598840.8,0.9939338235294117,0.96875,1,data_rank_s2
10,407.9,89.16327719414535,539,256,33.6,10.95627673984187,39,0.0,0.0,0,16.6,64,0.0,0,0,543225.6,235103.19544710574,14127650.0,0.9945195195195196,0.9722222222222222,1,data_rank_s2
10,400.9,91.28685557077755,540,256,37.0,12.058192235986288,43,0.0,0.0,0,17.4,71,0.0,0,0,592422.4,258435.48994176474,14646060.0,0.9950609756097561,0.975,1,data_rank_s2
10,389.0,97.2275681069932,516,256,40.2,13.143819840518205,46,0.0,0.0,0,18.5,80,0.0,0,0,644102.4,289329.71601105895,15139088.4,0.995452196382429,0.9767441860465116,1,data_rank_s2
10,407.2,95.48800971849818,539,256,43.5,14.228492541376264,50,0.0,0.0,0,19.5,88,0.0,0,0,698089.6,322810.32986297074,15665525.2,0.9957890070921985,0.9787234042553191,1,data_rank_s2
10,406.9,98.43012750169534,546,256,46.6,15.252540771950095,54,0.0,0.0,0,20.4,95,0.0,0,0,744403.2,344088.5887642309,16148682.0,0.9961161387631975,0.9803921568627451,1,data_rank_s2
10,409.9,107.32609188822632,565,256,50.0,16.382917933017914,58,0.0,0.0,0,21.8,103,0.0,0,0,802844.8,372939.45283941197,16682545.6,0.9963624338624338,0.9814814814814815,1,data_rank_s2
10,409.5,117.5,576,256,53.4,17.522556891047607,62,0.0,0.0,0,23.0,113,0.0,0,0,855228.8,402990.31130308827,17208204.4,0.9966091954022989,0.9827586206896551,1,data_rank_s2
10,418.3,117.30818385773433,583,256,56.5,18.5377992221299,65,0.0,0.0,0,24.1,121,0.0,0,0,910464.0,441750.1208022472,17711777.6,0.996799795186892,0.9838709677419355,1,data_rank_s2
10,410.4,114.62477917099775,587,256,59.6,19.586730201848393,69,0.0,0.0,0,24.9,127,0.0,0,0,961654.4,465817.46389314346,18238270.0,0.9969923111714156,0.9848484848484849,1,data_rank_s2
10,398.9,111.68119805947642,563,256,63.0,20.717142660125695,73,0.0,0.0,0,25.7,134,0.0,0,0,1008265.6,489266.139147029,18749363.2,0.9971629778672032,0.9857142857142858,1,data_rank_s2
10,416.4,102.09231116984276,553,256,66.3,21.82223636568901,77,0.0,0.0,0,26.6,142,0.0,0,0,1061654.4,523610.7223201603,19258673.2,0.997296803652968,0.9863013698630136,1,data_rank_s2
10,398.7,112.77592828259051,550,256,69.6,22.93992153430347,81,0.0,0.0,0,27.4,150,0.0,0,0,1110886.4,550552.9193709175,19766840.8,0.9974354759164885,0.987012987012987,1,data_rank_s2
10,405.4,110.84511716805571,557,256,73.0,24.066574330386118,84,0.0,0.0,0,28.2,157,0.0,0,0,1160848.0,577378.4046061992,20283810.4,0.9975606128216569,0.9876543209876543,1,data_rank_s2
10,397.0,113.79806676741042,557,256,76.2,25.122897922015287,88,0.0,0.0,0,29.1,165,0.0,0,0,1207248.0,604819.6773518533,20769407.2,0.9976607387140902,0.9882352941176471,1,data_rank_s2
10,406.6,107.158947363251,553,256,79.6,26.241951146970763,91,0.0,0.0,0,29.9,172,0.0,0,0,1259283.2,634494.5625483011,21287661.2,0.9977525252525252,0.9886363636363636,1,data_rank_s2
10,409.9,110.58973731770955,560,256,83.1,27.40966982654114,95,0.0,0.0,0,30.7,180,0.0,0,0,1310240.0,663300.7388483748,21803336.4,0.9978492136910269,0.9891304347826086,1,data_rank_s2
10,403.4,106.55252226015112,570,256,86.5,28.545577590933416,99,0.0,0.0,0,31.5,186,0.0,0,0,1359305.6,685055.3475407955,22321751.2,0.9979379251700682,0.9895833333333334,1,data_rank_s2
10,411.6,107.58828932555811,596,256,89.7,29.627858511880333,103,0.0,0.0,0,32.7,196,0.0,0,0,1414844.8,723613.23506481,22837581.6,0.9980099009900989,0.99,1,data_rank_s2
10,416.0,107.13262808313814,577,256,92.9,30.677190223356504,106,0.0,0.0,0,33.5,204,0.0,0,0,1466134.4,754579.6057910922,23331927.6,0.9980767452612114,0.9902912621359223,1,data_rank_s2
10,409.3,108.13514692272813,544,256,96.5,31.881812997381438,110,0.0,0.0,0,34.6,212,0.0,0,0,1517884.8,776014.8472575508,23859296.4,0.9981479893680871,0.9906542056074766,1,data_rank_s2
10,421.6,84.56027436095509,533,256,99.9,33.01651102100281,114,0.0,0.0,0,35.6,219,0.0,0,0,1573900.8,812318.1866688447,24389696.8,0.9982141433468866,0.990990990990991,1,data_rank_s2
10,404.7,96.83083186671486,554,256,103.1,34.077705321808274,117,0.0,0.0,0,36.8,227,0.0,0,0,1625555.2,842900.9163934749,24892338.4,0.9982757339279079,0.991304347826087,1,data_rank_s2
10,414.6,101.08036406740926,567,256,106.4,35.165892566519624,121,0.0,0.0,0,38.1,236,0.0,0,0,1680620.8,876428.3805989855,25401141.6,0.9983192090395481,0.9915254237288136,1,data_rank_s2
10,416.3,105.86694479392517,582,256,109.9,36.33854702653919,125,0.0,0.0,0,39.1,244,0.0,0,0,1738931.2,907341.2057669153,25945438.8,0.9983738762559493,0.9918032786885246,1,data_rank_s2
10,410.1,95.9660877602083,581,256,113.1,37.42312119532522,129,0.0,0.0,0,40.2,250,0.0,0,0,1790601.6,935538.6322810191,26452678.8,0.9984250992063493,0.9920634920634921,1,data_rank_s2
10,432.0,101.91859496676747,631,256,116.4,38.50766157532809,132,0.0,0.0,0,41.3,258,0.0,0,0,1850755.2,975871.6489453722,26967302.0,0.9984614474229245,0.9922480620155039,1,data_rank_s2
10,420.7,105.80269372752284,592,256,120.0,39.70642265427597,136,0.0,0.0,0,42.3,267,0.0,0,0,1909084.8,1011823.3656773104,27528235.6,0.9985073795600112,0.9924812030075187,1,data_rank_s2
10,418.0,122.41160075744456,643,256,123.4,40.834299308302086,140,0.0,0.0,0,43.4,275,0.0,0,0,1960963.2,1041021.1092988268,28030369.6,0.9985506485322692,0.9927007299270073,1,data_rank_s2
10,426.4,127.98687432701841,728,256,126.8,41.980471650518645,144,0.0,0.0,0,44.0,281,0.0,0,0,2011174.4,1064757.1874957406,28545609.2,0.9985914794425433,0.9929078014184397,1,data_rank_s2
10,425.5,125.8397790843579,710,256,129.7,42.930292335366175,146,0.0,0.0,0,44.8,289,0.0,0,0,2063200.0,1099587.1470998558,29016968.8,0.9986206240487062,0.9930555555555556,1,data_rank_s2
3,403.6666666666667,117.13904368550888,569,312,1.3333333333333333,0.4714045207910317,2,0.3333333333333333,0.4714045207910317,1,3.6666666666666665,4,0.3333333333333333,1,0,25600.0,5137.237649424705,5583236.0,1.0,1.0,1,data_rank_s3
10,423.2,116.59914236391278,568,256,3.2,1.469693845669907,6,0.5,0.5,1,5.9,10,0.4,1,0,65017.6,27891.295456468135,18182193.2,1.0,1.0,1,data_rank_s3
10,459.2,120.91219954992135,642,256,6.5,2.202271554554524,9,0.5,0.5,1,7.6,16,0.4,1,0,119945.6,57010.10120180458,18684177.6,1.0,1.0,1,data_rank_s3
10,449.7,136.00224262856847,668,256,9.8,3.124099870362662,12,0.5,0.5,1,9.1,21,0.4,1,0,171776.0,77075.00097956535,19196087.6,1.0,1.0,1,data_rank_s3
10,440.0,130.25513425581352,647,256,13.0,4.123105625617661,16,0.5,0.5,1,10.1,25,0.4,1,0,220608.0,97350.87733759773,19714155.6,1.0,1.0,1,data_rank_s3
10,425.0,129.73665634661623,607,256,16.3,5.197114584074513,20,0.5,0.5,1,11.2,30,0.4,1,0,268044.8,112533.4042893931,20231031.6,1.0,1.0,1,data_rank_s3
10,431.5,139.45268014634928,674,256,19.7,6.341135544995076,24,0.5,0.5,1,11.9,34,0.4,1,0,317948.8,137934.09000881546,20752922.4,1.0,1.0,1,data_rank_s3
10,438.7,145.7992112461518,695,256,22.9,7.368174807915459,27,0.5,0.5,1,12.6,37,0.4,1,0,365315.2,153911.6321717108,21231325.2,1.0,1.0,1,data_rank_s3
10,420.2,126.66791227457725,681,256,26.3,8.474078120952154,31,0.5,0.5,1,13.8,43,0.4,1,0,415840.0,173290.25269760558,21768279.2,1.0,1.0,1,data_rank_s3
10,419.0,117.60442168558119,638,256,29.7,9.654532614269838,35,0.5,0.5,1,14.8,47,0.4,1,0,465964.8,198502.2720659892,22279926.0,1.0,1.0,1,data_rank_s3
10,428.1,114.65291099662495,672,256,33.0,10.714476188783099,38,0.5,0.5,1,15.4,50,0.4,1,0,514857.6,217583.92884181495,22792310.8,1.0,1.0,1,data_rank_s3
10,432.4,127.95405425386099,666,256,36.5,11.876447280226525,42,0.5,0.5,1,16.1,55,0.4,1,0,565462.4,238598.56774222263,23303802.0,1.0,1.0,1,data_rank_s3
10,417.4,122.51057097246752,644,256,39.6,12.908911650483939,46,0.5,0.5,1,16.8,58,0.4,1,0,607462.4,252864.24127551133,23776672.8,1.0,1.0,1,data_rank_s3
10,405.9,114.53161135686514,602,256,43.2,14.105318146004365,50,0.5,0.5,1,17.3,63,0.4,1,0,655532.8,274079.0843463981,24303638.8,1.0,1.0,1,data_rank_s3
10,412.3,110.2488548693364,581,256,46.4,15.16047492659778,53,0.5,0.5,1,18.1,68,0.4,1,0,703920.0,299130.10289437603,24807583.6,1.0,1.0,1,data_rank_s3
10,410.4,119.42462057716575,609,256,49.9,16.33064603743526,57,0.5,0.5,1,18.8,72,0.4,1,0,752547.2,321966.8636902872,25328718.4,1.0,1.0,1,data_rank_s3
10,406.9,106.62687278542873,561,256,52.9,17.328877632437713,61,0.5,0.5,1,19.8,76,0.4,1,0,798288.0,334224.9660189974,25806280.0,1.0,1.0,1,data_rank_s3
10,405.3,112.65349528532171,567,256,56.2,18.42172630347113,64,0.5,0.5,1,20.3,80,0.4,1,0,845942.4,355031.5789681814,26318835.2,1.0,1.0,1,data_rank_s3
10,428.7,114.19373888265503,606,256,59.7,19.59106939398664,68,0.5,0.5,1,21.1,85,0.4,1,0,898672.0,377757.01311822125,26842387.6,1.0,1.0,1,data_rank_s3
10,436.6,123.45379702544592,585,256,63.2,20.754758490524527,72,0.5,0.5,1,21.7,89,0.4,1,0,949238.4,396202.73967836215,27370926.4,1.0,1.0,1,data_rank_s3
10,450.7,107.50353482560469,567,256,66.1,21.718425357285916,75,0.5,0.5,1,22.1,93,0.4,1,0,996387.2,418802.4189607314,27848371.6,1.0,1.0,1,data_rank_s3
10,448.9,120.13529872606136,581,256,69.4,22.81315410021157,78,0.5,0.5,1,22.7,97,0.4,1,0,1047360.0,435374.30274190503,28363665.2,1.0,1.0,1,data_rank_s3
10,442.8,137.41673842731095,624,256,72.3,23.76993899865963,81,0.5,0.5,1,23.1,101,0.4,1,0,1096259.2,456650.4263308642,28864144.4,1.0,1.0,1,data_rank_s3
10,447.0,128.81459544632355,596,256,75.7,24.908030833448073,85,0.5,0.5,1,23.4,104,0.4,1,0,1145584.0,471991.1634155877,29386232.4,1.0,1.0,1,data_rank_s3
10,435.3,131.2478952212187,617,256,79.0,26.007691170113507,89,0.5,0.5,1,24.0,108,0.4,1,0,1192908.0,490731.44627341744,29885982.0,1.0,1.0,1,data_rank_s3
10,426.0,132.55263105649772,612,256,82.4,27.14479692316743,93,0.5,0.5,1,24.5,112,0.4,1,0,1241056.0,511655.34099430643,30402935.2,1.0,1.0,1,data_rank_s3
10,426.1,129.92032173605483,583,256,85.5,28.178892810044896,96,0.5,0.5,1,24.8,115,0.4,1,0,1285193.6,528192.037426389,30877627.6,1.0,1.0,1,data_rank_s3
10,432.6,127.25659118489698,581,256,88.9,29.310237119477556,100,0.5,0.5,1,25.3,119,0.4,1,0,1332992.0,547769.2664617101,31389832.0,1.0,1.0,1,data_rank_s3
10,458.6,144.66319504283044,650,256,92.4,30.47687648037443,104,0.5,0.5,1,26.4,124,0.4,1,0,1389107.2,572283.0844253218,31940027.2,1.0,1.0,1,data_rank_s3
10,469.7,142.45002632502388,639,256,95.2,31.41591953134589,107,0.5,0.5,1,27.0,128,0.4,1,0,1438550.4,596225.8650121109,32423999.6,1.0,1.0,1,data_rank_s3
10,467.3,151.838104571942,648,256,98.6,32.55211206665398,111,0.5,0.5,1,27.6,132,0.4,1,0,1491548.8,613784.5324732125,32933169.2,1.0,1.0,1,data_rank_s3
10,467.1,150.83132963678335,656,256,102.0,33.68382401094033,115,0.5,0.5,1,28.6,137,0.4,1,0,1545440.0,631138.2128846265,33453362.8,1.0,1.0,1,data_rank_s3
10,442.0,138.9100428334827,639,256,105.1,34.711525463453775,118,0.5,0.5,1,29.4,141,0.4,1,0,1594873.6,654254.588487876,33982247.2,1.0,1.0,1,data_rank_s3
10,423.2,146.90187200985562,626,256,108.2,35.74856640482244,122,0.5,0.5,1,30.3,146,0.4,1,0,1641395.2,674500.4229022841,34491185.2,1.0,1.0,1,data_rank_s3
10,426.3,143.1593866988819,637,256,111.3,36.78600277279389,126,0.5,0.5,1,31.0,149,0.4,1,0,1687715.2,691434.301688425,34984902.4,1.0,1.0,1,data_rank_s3
10,425.9,141.87702421463456,618,256,114.9,37.98539192900344,130,0.5,0.5,1,31.8,153,0.4,1,0,1737366.4,708713.931395623,35513793.2,1.0,1.0,1,data_rank_s3
10,418.8,133.77802510128484,605,256,118.1,39.052400694451556,134,0.5,0.5,1,32.2,156,0.4,1,0,1780873.6,722973.701804872,36007838.4,1.0,1.0,1,data_rank_s3
10,423.7,124.06212153594666,592,256,121.4,40.15021793216072,137,0.5,0.5,1,32.6,160,0.4,1,0,1825856.0,741869.7391817515,36505153.6,1.0,1.0,1,data_rank_s3
10,418.2,128.8346226757388,608,256,124.8,41.29116128180461,141,0.5,0.5,1,33.2,164,0.4,1,0,1876812.8,767265.4619596533,37026254.4,1.0,1.0,1,data_rank_s3
10,433.2,112.89003498980767,590,256,128.2,42.42122110453682,145,0.5,0.5,1,33.7,168,0.4,1,0,1928102.4,794159.1636284505,37545125.6,1.0,1.0,1,data_rank_s3
3,295.6666666666667,2.357022603955158,299,294,1.6666666666666667,0.4714045207910317,2,0.0,0.0,0,5.333333333333333,6,1.0,2,0,31018.666666666668,8258.080702493098,4227068.0,1.0,1.0,1,data_rank_s4
9,391.3333333333333,115.31310034471848,576,256,3.6666666666666665,1.4907119849998598,6,0.3333333333333333,0.4714045207910317,1,6.888888888888889,10,0.5555555555555556,2,0,70556.44444444444,24332.003795235567,13151382.666666666,1.0,1.0,1,data_rank_s4
10,419.3,120.92481134986319,605,256,6.8,2.6758176320519307,10,0.5,0.6708203932499369,2,8.0,15,0.5,2,0,120291.2,48849.874474352546,16501718.0,1.0,1.0,1,data_rank_s4
10,430.8,119.50966488113002,608,256,10.3,3.579106033634656,14,0.5,0.6708203932499369,2,9.3,18,0.5,2,0,174640.0,64048.71945636384,17032942.8,1.0,1.0,1,data_rank_s4
10,442.8,141.47918574829302,680,256,13.4,4.498888751680798,18,0.5,0.6708203932499369,2,10.6,24,0.5,2,0,225955.2,86434.75147045891,17517033.2,1.0,1.0,1,data_rank_s4
10,428.6,128.69669770433117,598,256,16.7,5.496362433464518,22,0.5,0.6708203932499369,2,11.7,28,0.5,2,0,275468.8,102901.01453805012,18041930.8,1.0,1.0,1,data_rank_s4
10,417.1,132.1661454382324,577,256,19.8,6.523802572120037,25,0.5,0.6708203932499369,2,12.3,32,0.5,2,0,323481.6,121334.12347991804,18542844.8,1.0,1.0,1,data_rank_s4
10,423.7,125.27653411553179,598,256,23.2,7.626270385975047,29,0.5,0.6708203932499369,2,13.2,38,0.5,2,0,374924.8,147515.83452687375,19053011.2,1.0,1.0,1,data_rank_s4
10,414.3,117.32096999258061,570,256,26.7,8.752713864853575,33,0.5,0.6708203932499369,2,14.3,42,0.5,2,0,425120.0,165789.98153567663,19580716.4,1.0,1.0,1,data_rank_s4
10,434.8,107.75602071346177,575,256,29.7,9.716480844420989,35,0.5,0.6708203932499369,2,14.9,45,0.5,2,0,472473.6,182540.27885768117,20062382.8,1.0,1.0,1,data_rank_s4
10,422.3,115.30572405565997,589,256,33.3,10.91833320612629,39,0.5,0.6708203932499369,2,15.9,50,0.5,2,0,523971.2,204450.6958407332,20594774.0,1.0,1.0,1,data_rank_s4
10,426.7,120.83794933711842,641,256,36.7,12.017071190602143,42,0.5,0.6708203932499369,2,16.6,54,0.5,2,0,574953.6,225926.0065150535,21110823.6,1.0,1.0,1,data_rank_s4
10,419.2,131.97181517278605,634,256,40.0,13.091982279242513,46,0.5,0.6708203932499369,2,17.2,58,0.5,2,0,623004.8,245229.05415337716,21619456.4,1.0,1.0,1,data_rank_s4
10,412.2,123.40324144851301,615,256,43.3,14.170744511139844,50,0.5,0.6708203932499369,2,17.6,62,0.5,2,0,666115.2,260817.40524006446,22118645.6,1.0,1.0,1,data_rank_s4
10,424.5,107.19071788172705,566,256,46.5,15.26597523907333,54,0.5,0.6708203932499369,2,18.6,67,0.5,2,0,717456.0,286499.7751566308,22637087.6,1.0,1.0,1,data_rank_s4
10,433.9,117.94274034462656,656,256,49.7,16.309812997088592,57,0.5,0.6708203932499369,2,19.4,71,0.5,2,0,765596.8,309558.3702285564,23150950.0,1.0,1.0,1,data_rank_s4
10,417.6,121.16946810149824,618,256,52.9,17.34041521994211,60,0.5,0.6708203932499369,2,20.1,74,0.5,2,0,808518.4,323968.12605291896,23627659.2,1.0,1.0,1,data_rank_s4
10,423.1,137.08497364773427,678,256,56.1,18.425254408012933,64,0.5,0.6708203932499369,2,20.8,78,0.5,2,0,857417.6,346617.4516515866,24134898.4,1.0,1.0,1,data_rank_s4
10,442.5,138.81444449335956,697,256,59.7,19.621671692289627,68,0.5,0.6708203932499369,2,21.7,82,0.5,2,0,910803.2,368053.2698001201,24683198.4,1.0,1.0,1,data_rank_s4
10,458.0,139.58366666626864,713,256,63.3,20.81850138698749,72,0.5,0.6708203932499369,2,22.2,86,0.5,2,0,962192.0,388120.3438934888,25209220.0,1.0,1.0,1,data_rank_s4
10,467.0,145.80534969609312,733,256,66.4,21.84124538573751,76,0.5,0.6708203932499369,2,22.8,90,0.5,2,0,1009536.0,405435.0203956239,25687681.2,1.0,1.0,1,data_rank_s4
10,464.7,137.60454207619748,725,256,69.7,22.956698368885714,80,0.5,0.6708203932499369,2,23.2,93,0.5,2,0,1058425.6,429952.40102392726,26200414.8,1.0,1.0,1,data_rank_s4
10,452.0,137.95796461241375,673,256,73.1,24.072598530279194,83,0.5,0.6708203932499369,2,23.6,97,0.5,2,0,1107718.4,450987.10115904646,26716515.2,1.0,1.0,1,data_rank_s4
10,430.4,143.11058661049503,660,256,76.1,25.085653270345585,87,0.5,0.6708203932499369,2,24.2,101,0.5,2,0,1151670.4,465760.9849635755,27217402.8,1.0,1.0,1,data_rank_s4
10,439.4,144.53663895358852,707,256,79.5,26.211638636300478,91,0.5,0.6708203932499369,2,24.7,105,0.5,2,0,1202697.6,486268.79284017393,27736682.0,1.0,1.0,1,data_rank_s4
10,451.1,137.2191313192151,709,256,82.9,27.35854528296415,95,0.5,0.6708203932499369,2,25.3,110,0.5,2,0,1252521.6,512973.2955082944,28237376.0,1.0,1.0,1,data_rank_s4
10,449.0,143.8638245008105,663,256,86.3,28.499298236974187,99,0.5,0.6708203932499369,2,26.0,114,0.5,2,0,1304028.8,535776.5337057605,28758658.4,1.0,1.0,1,data_rank_s4
10,433.2,142.74508748114593,634,256,89.5,29.567718883945037,103,0.5,0.6708203932499369,2,26.6,118,0.5,2,0,1352915.2,557366.7550869535,29291167.6,1.0,1.0,1,data_rank_s4
10,442.6,140.74601237690536,632,256,92.5,30.558959406367226,106,0.5,0.6708203932499369,2,27.5,121,0.5,2,0,1400294.4,572263.6424787443,29771636.8,1.0,1.0,1,data_rank_s4
10,424.4,126.85913447600059,601,256,96.0,31.720655730927128,110,0.5,0.6708203932499369,2,28.0,126,0.5,2,0,1446796.8,591743.0955130444,30290688.4,1.0,1.0,1,data_rank_s4
10,425.6,119.01277242380331,611,256,99.4,32.8487442682365,114,0.5,0.6708203932499369,2,28.9,131,0.5,2,0,1495020.8,613096.2591144722,30794372.4,1.0,1.0,1,data_rank_s4
10,411.5,125.99384905621386,618,256,102.7,33.94716483007086,117,0.5,0.6708203932499369,2,30.2,138,0.5,2,0,1548371.2,625828.5343722831,31314526.4,0.9991228070175439,0.9912280701754386,1,data_rank_s4
10,409.9,113.38381718746287,597,256,106.0,35.05139084258997,121,0.5,0.6708203932499369,2,31.1,146,0.5,2,0,1597932.8,655989.7802442962,31810102.4,0.9991525423728813,0.9915254237288136,1,data_rank_s4
10,415.9,107.63591408075654,588,256,109.5,36.21946990225009,125,0.5,0.6708203932499369,2,32.2,155,0.5,2,0,1655177.6,682502.0058325396,32367902.4,0.9991803278688526,0.9918032786885246,1,data_rank_s4
10,416.9,113.18520221301017,602,256,112.8,37.314340406873065,129,0.5,0.6708203932499369,2,33.0,162,0.5,2,0,1706083.2,706019.6261811424,32878173.2,0.9992063492063492,0.9920634920634921,1,data_rank_s4
10,406.2,114.43233808674889,555,256,116.0,38.382287581643695,133,0.5,0.6708203932499369,2,34.2,169,0.5,2,0,1758636.8,725937.4599548917,33394786.0,0.9992248062015504,0.9922480620155039,1,data_rank_s4
10,400.1,99.25164986034237,524,256,119.3,39.47923504831369,136,0.5,0.6708203932499369,2,35.0,176,0.5,2,0,1810393.6,752087.8232700222,33900768.8,0.9992481203007518,0.9924812030075187,1,data_rank_s4
10,400.1,92.6546814791352,527,256,122.6,40.586204552778774,140,0.5,0.6708203932499369,2,36.1,185,0.5,2,0,1865891.2,785609.1149874472,34423248.4,0.9992700729927007,0.9927007299270073,1,data_rank_s4
10,400.7,101.81262200729337,555,256,126.1,41.74553868379231,144,0.5,0.6708203932499369,2,37.1,194,0.5,2,0,1921888.0,815800.4443048558,34965710.4,0.999290780141844,0.9929078014184397,1,data_rank_s4
10,416.6,97.0929451608097,595,256,129.3,42.80432221166456,147,0.5,0.6708203932499369,2,37.7,200,0.5,2,0,1972998.4,841562.5717973916,35465882.8,0.9993055555555556,0.9930555555555556,1,data_rank_s4
4,358.0,87.9062000088731,510,299,1.0,0.0,1,0.0,0.0,0,4.25,5,0.0,0,0,25448.0,5581.97671080774,6439903.0,1.0,1.0,1,data_rank_s5
10,416.7,120.40851298807739,580,256,3.4,1.2806248474865698,5,0.2,0.4000000000000001,1,6.5,11,0.0,0,0,70086.4,34448.48319215231,14214606.0,1.0,1.0,1,data_rank_s5
10,419.1,116.1003445300659,559,256,6.8,2.227105745132009,9,0.2,0.4000000000000001,1,8.5,17,0.0,0,0,123084.8,55762.41110425552,14753226.8,1.0,1.0,1,data_rank_s5
10,414.7,111.45676291728554,554,256,10.0,3.1937438845342623,12,0.2,0.4000000000000001,1,9.4,21,0.0,0,0,167436.8,73520.2213881324,15246806.0,1.0,1.0,1,data_rank_s5
10,435.6,111.87153346584644,558,256,13.1,4.182104733265297,16,0.2,0.4000000000000001,1,10.6,26,0.0,0,0,221539.2,99036.47988574715,15748908.8,0.9933333333333334,0.9333333333333333,1,data_rank_s5
10,442.5,126.05336171637788,607,256,16.7,5.348831648126533,20,0.2,0.4000000000000001,1,11.7,30,0.0,0,0,273795.2,119305.02837081093,16281001.2,0.9947368421052631,0.9473684210526315,1,data_rank_s5
10,432.1,118.97516547582525,580,256,19.9,6.410148204214938,24,0.2,0.4000000000000001,1,12.3,35,0.0,0,0,322089.6,141855.37562686866,16798770.0,0.9954545454545455,0.9545454545454546,1,data_rank_s5
10,413.8,124.92781915970517,566,256,22.9,7.39526875779373,27,0.2,0.4000000000000001,1,13.2,38,0.0,0,0,363417.6,158369.00855609344,17258831.6,0.9961538461538462,0.9615384615384616,1,data_rank_s5
10,434.8,123.3635278354182,645,256,26.4,8.546344247688598,31,0.2,0.4000000000000001,1,14.3,45,0.0,0,0,416380.8,185026.89140597914,17806474.8,0.9966666666666667,0.9666666666666667,1,data_rank_s5
10,450.2,134.905003613654,675,256,29.8,9.672641831474998,35,0.2,0.4000000000000001,1,15.4,48,0.0,0,0,474758.4,207678.06460731474,18340421.6,0.9970588235294118,0.9705882352941176,1,data_rank_s5
10,422.4,133.75365415569027,633,256,32.8,10.69392350823588,38,0.2,0.4000000000000001,1,15.9,52,0.0,0,0,518163.2,227405.72509099238,18816052.8,0.9972972972972972,0.972972972972973,1,data_rank_s5
10,418.4,127.19842766323805,625,256,36.2,11.813551540497887,42,0.2,0.4000000000000001,1,16.6,57,0.0,0,0,565104.0,251555.98205727487,19338341.2,0.9975609756097562,0.975609756097561,1,data_rank_s5
10,407.6,119.49242653825388,584,256,39.7,12.984991336154215,46,0.2,0.4000000000000001,1,17.2,61,0.0,0,0,614323.2,276930.9855905619,19873694.0,0.9977777777777778,0.9777777777777777,1,data_rank_s5
10,430.2,116.2882625203421,578,256,42.7,13.971757226634022,49,0.2,0.4000000000000001,1,17.8,65,0.0,0,0,660368.0,296457.41271757736,20354508.8,0.9979591836734695,0.9795918367346939,1,data_rank_s5
10,429.4,104.56787269520213,584,256,46.2,15.13142425550219,53,0.2,0.4000000000000001,1,18.9,70,0.0,0,0,714489.6,326775.6661060306,20888299.6,0.9981132075471699,0.9811320754716981,1,data_rank_s5
10,419.4,102.07271917608544,555,256,49.6,16.25546062097288,57,0.2,0.4000000000000001,1,19.6,75,0.0,0,0,763260.8,350711.0184105427,21399710.8,0.9982142857142857,0.9821428571428571,1,data_rank_s5
10,418.9,106.59591924647022,586,256,53.0,17.389652095427326,61,0.2,0.4000000000000001,1,20.4,79,0.0,0,0,811465.6,374467.4351713911,21920895.2,0.9983333333333334,0.9833333333333333,1,data_rank_s5
10,413.5,111.1415763789591,548,256,56.2,18.45426779907564,64,0.2,0.4000000000000001,1,20.7,82,0.0,0,0,855120.0,391295.2565907233,22413278.4,0.9984375,0.984375,1,data_rank_s5
10,426.3,127.87028583685891,620,256,59.6,19.5816240388789,68,0.2,0.4000000000000001,1,21.6,86,0.0,0,0,902768.0,412350.99655317917,22924210.0,0.9985294117647058,0.9852941176470589,1,data_rank_s5
10,436.4,140.4252114116265,654,256,63.1,20.753072061745463,72,0.2,0.4000000000000001,1,22.2,90,0.0,0,0,954758.4,436533.8087184542,23453153.2,0.9986111111111111,0.9861111111111112,1,data_rank_s5
10,431.4,150.03946147597304,705,256,66.1,21.727632176562633,75,0.2,0.4000000000000001,1,22.6,93,0.0,0,0,1001708.8,456956.2823826367,23952568.0,0.9986842105263157,0.9868421052631579,1,data_rank_s5
10,437.3,129.53304597669276,642,256,69.5,22.857165178560532,79,0.2,0.4000000000000001,1,23.1,97,0.0,0,0,1046796.8,477799.9040696429,24440907.6,0.9974999999999999,0.975,1,data_rank_s5
10,438.1,141.21575691118892,666,256,72.9,23.99354079747297,82,0.2,0.4000000000000001,1,23.5,101,0.0,0,0,1092787.2,494148.5374639492,24955267.6,0.9975903614457831,0.9759036144578314,1,data_rank_s5
10,446.1,134.9795910499065,685,256,76.4,25.164260370612922,86,0.2,0.4000000000000001,1,23.9,105,0.0,0,0,1142313.6,520227.4923029732,25469246.0,0.9977011494252874,0.9770114942528736,1,data_rank_s5
10,480.9,121.48205628816133,697,256,79.6,26.22670394845681,90,0.2,0.4000000000000001,1,24.4,109,0.0,0,0,1198428.8,553385.8529533981,25978582.4,0.9978021978021978,0.978021978021978,1,data_rank_s5
10,490.4,143.57729625536203,695,256,82.8,27.301282021179883,94,0.2,0.4000000000000001,1,25.0,109,0.0,0,0,1254326.4,574878.3835301516,26492978.8,0.9978947368421054,0.9789473684210527,1,data_rank_s5
10,461.8,146.15868089169388,646,256,86.2,28.424637200850956,97,0.2,0.4000000000000001,1,25.3,109,0.0,0,0,1300908.8,592674.5073668683,27014094.0,0.9979591836734694,0.9795918367346939,1,data_rank_s5
10,452.4,141.41513356073318,607,256,89.7,29.590708000992475,101,0.2,0.4000000000000001,1,26.0,109,0.0,0,0,1349401.6,610804.6072365859,27531126.0,0.9980392156862745,0.9803921568627451,1,data_rank_s5
10,464.8,131.37945044792963,635,256,93.2,30.766215236847057,105,0.2,0.4000000000000001,1,26.5,110,0.0,0,0,1403920.0,639989.6327560315,28058239.2,0.9981132075471699,0.9811320754716981,1,data_rank_s5
10,447.2,149.1233046844121,638,256,96.4,31.83457240171446,109,0.2,0.4000000000000001,1,26.8,110,0.0,0,0,1450448.0,660202.2408589659,28557113.6,0.998165137614679,0.981651376146789,1,data_rank_s5
10,449.7,126.10634401171102,612,256,99.6,32.90045592389261,112,0.2,0.4000000000000001,1,27.9,111,0.0,0,0,1503843.2,685231.0983177574,29073106.4,0.9982300884955752,0.9823008849557522,1,data_rank_s5
10,439.7,116.98209264669529,603,256,103.1,34.06890077475351,116,0.2,0.4000000000000001,1,28.9,112,0.0,0,0,1555520.0,712863.4606093933,29605716.0,0.9982905982905983,0.9829059829059829,1,data_rank_s5
10,446.8,126.45694919615924,583,256,106.5,35.2115038020247,120,0.2,0.4000000000000001,1,29.5,112,0.0,0,0,1604905.6,735257.4048605291,30131702.0,0.9975067713035628,0.9834710743801653,1,data_rank_s5
10,451.9,124.31367583657075,625,256,109.6,36.24968965384393,124,0.2,0.4000000000000001,1,30.1,112,0.0,0,0,1651068.8,754756.2874736189,30605048.8,0.9975674246430459,0.9838709677419355,1,data_rank_s5
10,442.6,116.19741821572457,610,256,112.9,37.33751464679994,127,0.2,0.4000000000000001,1,31.0,113,0.0,0,0,1706332.8,788505.780026602,31154032.8,0.9976438492063492,0.984375,1,data_rank_s5
10,426.4,119.86258799141623,610,256,116.4,38.50246745339836,131,0.2,0.4000000000000001,1,31.6,113,0.0,0,0,1754115.2,808307.22187208,31685077.2,0.9977156177156177,0.9848484848484849,1,data_rank_s5
10,423.2,118.62950729055567,613,256,119.5,39.53542715084788,134,0.2,0.4000000000000001,1,32.0,113,0.0,0,0,1797772.8,827781.4748172129,32169040.4,0.9977722498618021,0.9851851851851852,1,data_rank_s5
10,423.5,132.10469333070645,601,256,123.0,40.698894333875955,138,0.2,0.4000000000000001,1,32.7,114,0.0,0,0,1848320.0,854282.5465336395,32686071.6,0.9978312240718374,0.9856115107913669,1,data_rank_s5
10,423.1,135.6366101021402,609,256,125.7,41.6126182785943,142,0.2,0.4000000000000001,1,33.2,114,0.0,0,0,1894553.6,876984.9177032864,33179324.4,0.9978921787432427,0.986013986013986,1,data_rank_s5
10,425.1,124.45356563795188,620,256,128.9,42.69063129071764,146,0.2,0.4,1,33.7,114,0.0,0,0,1942924.8,904928.2229442068,33701826.8,0.9979498006098991,0.9863945578231292,1,data_rank_s5
3,313.3333333333333,14.197026292697903,333,300,1.3333333333333333,0.4714045207910317,2,0.0,0.0,0,4.333333333333333,5,0.0,0,0,27520.0,6728.883017757603,2352149.3333333335,1.0,1.0,2,data_version
6,408.3333333333333,86.95337192362864,530,291,3.8333333333333335,0.8975274678557507,5,0.0,0.0,0,6.666666666666667,8,0.6666666666666666,2,0,63557.333333333336,20311.317130003055,9589034.666666666,0.8333333333333334,0.0,2,data_version
7,459.57142857142856,106.99647142760915,591,316,7.142857142857143,1.5518257844571737,9,0.14285714285714285,0.3499271061118826,1,8.714285714285714,12,1.1428571428571428,3,0,112352.0,45147.99698768485,14788331.42857143,0.8571428571428571,0.0,2,data_version
7,437.42857142857144,101.45492615352063,557,297,11.142857142857142,1.5518257844571737,13,0.14285714285714285,0.3499271061118826,1,10.857142857142858,16,2.0,6,0,166660.57142857142,63533.71494356844,15305070.857142856,0.8571428571428571,0.0,2,data_version
7,406.57142857142856,88.67091187218556,505,272,14.714285714285714,1.749635530559413,17,0.14285714285714285,0.3499271061118826,1,12.0,18,2.2857142857142856,7,0,209444.57142857142,75541.50866313197,15762551.42857143,0.8571428571428571,0.0,2,data_version
7,407.0,103.09219175087898,561,274,18.428571428571427,1.5907898179514348,20,0.14285714285714285,0.34992710611188266,1,14.428571428571429,23,3.0,9,0,259296.0,91620.26555610624,16243287.42857143,0.8571428571428571,0.0,2,data_version
7,383.7142857142857,81.61182387324993,477,275,22.285714285714285,1.577908716741037,24,0.14285714285714285,0.3499271061118826,1,15.714285714285714,26,3.7142857142857144,10,0,304932.5714285714,110138.74104297094,16737378.285714285,0.8571428571428571,0.0,2,data_version
7,379.0,84.03230671252915,496,259,25.857142857142858,1.7261494247992246,28,0.14285714285714285,0.3499271061118826,1,17.0,29,4.285714285714286,12,0,350089.14285714284,129594.74863636431,17205543.42857143,0.8571428571428571,0.0,2,data_version
7,386.85714285714283,85.39225219359118,514,273,29.428571428571427,1.5907898179514348,31,0.14285714285714285,0.34992710611188266,1,18.428571428571427,31,4.428571428571429,12,0,396973.71428571426,141625.79947141823,17665074.85714286,0.8571428571428571,0.0,2,data_version
7,377.7142857142857,77.22825960509957,467,274,33.142857142857146,1.8844151368961315,35,0.14285714285714285,0.3499271061118826,1,20.428571428571427,35,4.857142857142857,13,0,444690.28571428574,157780.09896391,18158160.0,0.8571428571428571,0.0,2,data_version
7,386.85714285714283,81.18836751904895,493,278,36.857142857142854,2.099562636671296,39,0.14285714285714285,0.3499271061118826,1,21.571428571428573,37,5.428571428571429,15,0,490281.14285714284,173391.82438085842,18638691.42857143,0.8571428571428571,0.0,2,data_version
9,428.22222222222223,124.57106653346094,666,286,32.22222222222222,15.75350245203183,43,1.6666666666666667,3.4318767136623336,11,19.77777777777778,39,7.333333333333333,19,0,484647.1111111111,204883.95266938818,17858635.111111112,0.8917378917378918,0.02564102564102564,2,data_version
8,401.5,102.94051680460906,587,274,39.75,12.132085558550928,46,1.5,3.605551275463989,11,22.75,43,6.25,16,0,539524.0,221964.7305677188,18551601.5,0.8895348837209303,0.11627906976744186,2,data_version
8,397.875,99.75900648563015,514,273,43.25,11.96609794377432,50,1.5,3.605551275463989,11,23.5,44,6.25,16,0,583648.0,234103.68547291178,19020982.5,0.898936170212766,0.19148936170212766,2,data_version
8,395.25,99.57628984853774,511,270,47.125,11.920963677488494,54,1.5,3.605551275463989,11,24.5,45,6.5,17,0,629894.0,238892.6715912399,19532843.5,0.905,0.24,2,data_version
8,388.75,87.5510565327455,485,273,50.875,12.200794031537455,58,1.5,3.605551275463989,11,25.25,48,6.625,17,0,672484.0,248354.93281994623,20019340.5,0.912037037037037,0.2962962962962963,2,data_version
8,393.0,88.1958048888948,487,284,54.75,12.203995247458924,62,1.5,3.605551275463989,11,26.0,49,6.75,17,0,716880.0,258351.9390598801,20531292.0,0.9181034482758621,0.3448275862068966,2,data_version
8,388.125,90.4536310769225,501,279,58.125,11.95237947021429,65,1.5,3.605551275463989,11,27.5,52,7.375,18,0,760004.0,266056.9055221082,20999326.5,0.9233870967741935,0.3870967741935484,2,data_version
8,382.625,77.53053833812841,472,279,62.0,11.926860441876563,69,1.5,3.605551275463989,11,28.625,54,7.625,19,0,803836.0,280105.28828995716,21500457.0,0.926923076923077,0.4153846153846154,2,data_version
8,373.625,79.0600049013406,467,278,65.75,12.183492931011205,73,1.5,3.605551275463989,11,29.25,54,7.75,19,0,845092.0,294234.6707238968,21987930.0,0.9311594202898551,0.4492753623188406,2,data_version
8,383.25,84.66219640429841,492,266,69.375,12.06169038733792,77,1.5,3.605551275463989,11,30.5,57,8.125,20,0,889580.0,301758.9492823701,22474871.5,0.934931506849315,0.4794520547945205,2,data_version
8,402.25,88.97576917341036,545,296,72.875,12.251913115917857,80,1.5,3.605551275463989,11,31.625,60,8.875,22,0,934544.0,316299.9702307921,22954186.5,0.9383116883116883,0.5064935064935064,2,data_version
9,420.8888888888889,115.09169720458596,654,279,68.55555555555556,26.213275309833676,84,2.888888888888889,5.194964323360426,14,30.666666666666668,64,11.0,26,0,923416.8888888889,354862.6911006705,23371991.111111112,0.9478737997256516,0.5308641975308642,2,data_version
8,393.5,81.46931937852433,515,297,80.5,12.114041439585717,88,1.5,3.605551275463989,11,34.125,66,9.75,24,0,1027944.0,339256.7411975774,23966155.0,0.9434523809523809,0.5476190476190477,2,data_version
8,397.25,90.40430022957979,555,288,84.25,12.366790206031636,91,1.5,3.605551275463989,11,35.375,70,10.25,26,0,1073100.0,354144.2092481536,24450244.0,0.9460227272727273,0.5681818181818182,2,data_version
8,382.625,95.67384373484741,520,267,88.125,12.363631141375903,95,1.5,3.605551275463989,11,36.25,72,10.375,26,0,1117040.0,368617.28436957486,24957558.0,0.9483695652173914,0.5869565217391305,2,data_version
8,387.0,100.0199980003999,527,278,91.75,12.203995247458924,99,1.5,3.605551275463989,11,37.25,73,10.75,27,0,1160360.0,382790.7806622307,25433790.5,0.9505208333333333,0.6041666666666666,2,data_version
8,382.25,91.74659394222763,499,280,95.5,12.093386622447824,102,1.5,3.605551275463989,11,38.0,75,11.0,29,0,1202180.0,392482.4532944116,25923714.0,0.952020202020202,0.6161616161616161,2,data_version
8,404.5,81.47852477800515,505,307,99.0,12.349089035228468,106,1.5,3.605551275463989,11,39.5,78,11.25,30,0,1251588.0,410879.57427937444,26409544.0,0.9538834951456311,0.6310679611650486,2,data_version
8,420.375,86.67891540045942,536,294,102.875,12.292655327470953,110,1.5,3.605551275463989,11,40.25,81,11.75,32,0,1298432.0,426166.5483258863,26923082.0,0.955607476635514,0.6448598130841121,2,data_version
8,427.875,89.96448952225539,552,280,106.375,12.082399389194185,113,1.5,3.605551275463989,11,41.875,84,12.125,34,0,1343256.0,434365.9916706187,27410005.5,0.9568181818181818,0.6545454545454545,2,data_version
8,416.5,101.99632346315234,569,272,109.5,12.134661099511597,117,1.5,3.605551275463989,11,43.0,88,12.5,35,0,1386844.0,451894.2379451192,27872653.5,0.9583333333333333,0.6666666666666666,2,data_version
9,427.77777777777777,100.2837948333271,562,288,100.88888888888889,36.4217408957417,121,4.222222222222222,8.416620828624723,26,41.22222222222222,90,15.333333333333334,36,0,1330830.2222222222,533170.7912550219,28363908.888888888,0.9642184557438794,0.6779661016949152,2,data_version
7,424.7142857142857,83.6894161011232,518,289,121.57142857142857,2.718042512920064,125,0.14285714285714285,0.3499271061118826,1,39.857142857142854,93,9.571428571428571,32,0,1472713.142857143,516415.3619922155,29915558.85714286,0.9519906323185011,0.6639344262295082,2,data_version
7,410.0,86.96468905743953,506,283,125.28571428571429,2.762725657973388,129,0.14285714285714285,0.34992710611188266,1,40.42857142857143,95,10.142857142857142,34,0,1511803.4285714286,530578.6020322819,30375504.0,0.9497142857142856,0.648,2,data_version
7,410.0,79.37073948070716,494,296,128.57142857142858,3.063944369932459,132,0.14285714285714285,0.3499271061118826,1,42.0,99,10.571428571428571,35,0,1552804.5714285714,544030.1927563677,30824451.42857143,0.946843853820598,0.627906976744186,2,data_version
7,420.85714285714283,80.12566660552405,510,310,132.42857142857142,2.9692299558323607,136,0.14285714285714285,0.34992710611188266,1,43.57142857142857,103,11.285714285714286,37,0,1599670.857142857,562359.3996225516,31321591.42857143,0.9441460794844253,0.6090225563909775,2,data_version
7,416.57142857142856,90.19004877456926,527,301,136.0,2.8284271247461903,139,0.14285714285714285,0.34992710611188266,1,45.0,106,11.714285714285714,38,0,1647227.4285714286,580112.4911105868,31799938.285714287,0.9422268907563025,0.5955882352941176,2,data_version
7,416.0,81.19113252073775,510,319,139.57142857142858,2.7701027756664733,143,0.14285714285714285,0.3499271061118826,1,46.142857142857146,110,12.142857142857142,40,0,1688507.4285714286,594627.3569543624,32274095.42857143,0.939795918367347,0.5785714285714286,2,data_version
7,405.57142857142856,92.15647739866478,522,296,143.28571428571428,2.5475077857324298,147,0.14285714285714285,0.34992710611188266,1,47.857142857142854,114,13.0,42,0,1732370.2857142857,611286.5922461562,32748206.285714287,0.9375,0.5625,2,data_version
8,483.625,111.1316083524395,626,301,1.875,1.0532687216470449,4,0.25,0.4330127018922193,1,6.25,11,0.875,2,11,68720.0,38935.51920804447,8762202.0,1.0,1.0,2,data_version_a5
3,483.6666666666667,128.74350037531562,585,302,4.0,2.160246899469287,7,1.0,0.816496580927726,2,8.0,11,0.0,0,0,94901.33333333333,46025.303340179686,31412346.666666668,1.0,1.0,2,data_version_a5
7,586.5714285714286,194.61233050265204,939,392,5.428571428571429,2.4411439272335804,10,0.7142857142857143,0.6998542122237652,2,22.571428571428573,59,0.8571428571428571,2,19,378189.71428571426,309844.7557516111,19532509.14285714,0.8317460317460318,0.6,2,data_version_a5
6,790.6666666666666,319.5025647610499,1494,530,8.166666666666666,3.7601713908928263,14,1.1666666666666667,1.0671873729054748,3,11.5,21,0.6666666666666666,2,1,259136.0,116818.52346267692,24244964.0,0.7225071225071225,0.3333333333333333,2,data_version_a5
2,538.0,142.0,680,396,15.5,2.5,18,1.0,1.0,2,9.5,13,0.5,1,0,352864.0,203392.0,34277848.0,0.928921568627451,0.9166666666666666,2,data_version_a5
3,552.6666666666666,110.64758871701132,687,416,15.666666666666666,5.792715732327589,22,0.6666666666666666,0.9428090415820634,2,32.333333333333336,75,1.0,2,29,955210.6666666666,673759.4117414778,24829345.333333332,0.7837301587301587,0.5714285714285714,2,data_version_a5
6,1061.8333333333333,1085.2140213903533,3444,338,12.166666666666666,8.374896350934074,25,1.6666666666666667,1.699673171197595,5,43.333333333333336,79,2.1666666666666665,4,30,1177514.6666666667,750827.7403032528,20345908.0,0.8407828282828284,0.5,2,data_version_a5
9,705.1111111111111,272.0054919561754,1194,323,13.222222222222221,7.269078770576057,27,2.0,1.632993161855452,5,35.111111111111114,82,2.888888888888889,8,35,1069304.888888889,768571.5814904721,20638377.777777776,0.9306650676215893,0.8,2,data_version_a5
10,570.1,207.81407555793712,1057,332,15.1,7.555792479945437,30,2.3,1.7916472867168918,5,34.3,83,2.7,8,34,1053808.0,828118.7107172498,26143374.0,0.9468085653359486,0.8461538461538461,2,data_version_a5
9,496.8888888888889,130.3102660272734,712,328,19.0,8.069145624606803,34,2.111111111111111,1.7916128329552332,5,37.333333333333336,83,2.888888888888889,8,34,1183274.6666666667,854257.6833615382,25842824.0,0.9589113542353641,0.8823529411764706,2,data_version_a5
9,451.6666666666667,133.13652141066828,650,292,22.444444444444443,8.288024977320674,38,2.111111111111111,1.7916128329552332,5,38.0,84,2.888888888888889,8,34,1232224.0,864872.3532853466,26343741.777777776,0.9653642617773053,0.9047619047619048,2,data_version_a5
9,443.8888888888889,127.86663577028168,581,274,25.77777777777778,8.02465337123013,40,2.111111111111111,1.7916128329552332,5,38.22222222222222,84,3.0,8,34,1279914.6666666667,871583.0964573729,26831299.555555556,0.9697129819894048,0.92,2,data_version_a5
9,725.5555555555555,520.2783680366823,2154,355,29.333333333333332,8.259674462242579,44,2.111111111111111,1.7916128329552332,5,40.111111111111114,88,3.2222222222222223,8,44,1351957.3333333333,890772.2515939627,27398522.222222224,0.9634442933849682,0.9,2,data_version_a5
9,641.4444444444445,175.58227644745108,1011,401,31.444444444444443,8.970459063084181,47,2.6666666666666665,2.357022603955159,7,34.44444444444444,100,3.0,8,59,1148504.888888889,749489.3337253698,30825199.555555556,0.946241084681945,0.8709677419354839,2,data_version_a5
10,773.3,222.98836292506385,1266,472,33.8,9.335952013587045,51,2.6,2.244994432064365,7,43.0,112,3.0,8,59,1479171.2,1035336.5722782904,29820042.4,0.9476097078209149,0.88,2,data_version_a5
8,799.625,242.36694158857557,1102,350,39.5,9.38083151964686,55,2.375,2.341874249399399,7,39.625,111,3.25,8,69,1474768.0,809586.5813907738,27082691.5,0.9309321071085778,0.8974358974358975,2,data_version_a5
9,850.4444444444445,271.4357346126176,1256,304,41.111111111111114,10.418407261983148,59,2.3333333333333335,2.211083193570267,7,49.22222222222222,115,3.3333333333333335,9,69,1844394.6666666667,1051318.608373736,26480811.555555556,0.9381849966453015,0.9069767441860465,2,data_version_a5
9,1075.888888888889,498.5172335022786,2120,329,44.55555555555556,10.904750352342486,63,2.3333333333333335,2.211083193570267,7,50.111111111111114,117,3.3333333333333335,9,74,1939879.111111111,1058051.421536826,27066087.111111112,0.9528839824656158,0.9361702127659575,2,data_version_a5
5,721.2,252.07252924505676,1119,368,54.4,10.365326815879952,67,2.2,2.4819347291981715,7,23.8,30,1.8,3,0,1596384.0,860747.6307043778,35498472.0,0.9563693946046887,0.9411764705882353,2,data_version_a5
7,1376.857142857143,1532.0098310549379,5084,333,53.42857142857143,11.474906073156117,71,2.4285714285714284,2.664965443739661,7,46.42857142857143,129,2.7142857142857144,6,84,1936004.5714285714,995433.0034895593,31640495.42857143,0.9535278154681143,0.925,2,data_version_a5
6,867.3333333333334,302.92830101453967,1334,399,56.166666666666664,15.507166801908793,74,2.3333333333333335,2.285218200133681,7,44.333333333333336,143,2.1666666666666665,3,94,2331370.6666666665,1359999.804820901,33849488.0,0.9659183873705487,0.9482758620689655,2,data_version_a5
7,851.0,398.2206854066151,1644,407,57.57142857142857,15.527460861851385,78,2.7142857142857144,2.3123448651769496,7,42.714285714285715,146,3.4285714285714284,11,94,2396347.4285714286,1348805.3878140629,31838461.714285713,0.9269787818470033,0.8863636363636364,2,data_version_a5
8,798.125,391.4266973202007,1477,319,59.25,15.376524314681781,82,3.25,2.5860201081971503,7,48.0,147,3.875,11,94,2427104.0,1340283.7072799176,34266393.5,0.9520347964960656,0.9076923076923077,2,data_version_a5
9,702.1111111111111,373.003260171765,1414,306,60.666666666666664,16.172679294277604,86,3.0,2.5385910352879693,7,59.55555555555556,152,4.0,12,99,2642919.111111111,1350125.8902234468,33711628.88888889,0.9253834705358073,0.8636363636363636,2,data_version_a5
9,607.4444444444445,212.1797514221851,1064,308,64.11111111111111,16.38728805741033,89,3.0,2.5385910352879693,7,60.888888888888886,158,4.0,12,104,2706919.111111111,1371374.3408962204,34273348.44444445,0.9198895726204915,0.851063829787234,2,data_version_a5
7,689.7142857142857,158.92470300267922,992,439,69.85714285714286,15.706491573582573,92,3.2857142857142856,2.762725657973388,7,52.42857142857143,159,4.285714285714286,12,104,2437060.5714285714,1156307.8072998256,37136041.14285714,0.8776159593148207,0.8,2,data_version_a5
6,649.3333333333334,157.90890482243938,908,390,74.83333333333333,16.344384016808004,96,2.6666666666666665,2.494438257849294,7,57.166666666666664,161,5.333333333333333,12,104,2520896.0,1255833.8228582104,36080882.666666664,0.841004624816415,0.7407407407407407,2,data_version_a5
6,685.3333333333334,203.8444395993071,997,380,78.83333333333333,16.344384016808004,100,2.6666666666666665,2.4944382578492945,7,58.333333333333336,165,5.5,13,104,2586757.3333333335,1268304.613427267,36789179.333333336,0.8107981903511846,0.6896551724137931,2,data_version_a5
6,710.3333333333334,233.12347705787926,1156,438,82.0,16.901676445449624,103,2.6666666666666665,2.4944382578492945,7,58.833333333333336,166,5.666666666666667,14,104,2635861.3333333335,1273911.4111296053,37317276.666666664,0.791117998249129,0.6764705882352942,2,data_version_a5
4,556.75,165.71417410710526,803,342,94.5,13.756816492197604,107,2.0,1.8708286933869707,5,28.0,38,5.75,14,0,2448048.0,1275153.241501585,36625262.0,0.8353066596185863,0.6756756756756757,2,data_version_a5
6,616.5,177.3684958873287,906,409,86.83333333333333,19.852931493582727,111,3.0,2.70801280154532,8,52.333333333333336,169,5.166666666666667,15,104,2783541.3333333335,1263667.3710069258,38475888.666666664,0.808294321613098,0.6410256410256411,2,data_version_a5
6,624.0,214.4426885362769,962,357,90.33333333333333,19.652537297311564,114,3.0,2.70801280154532,8,52.833333333333336,170,5.166666666666667,15,104,2826837.3333333335,1269774.0814631379,39080421.333333336,0.8022177375190224,0.6097560975609756,2,data_version_a5
6,647.1666666666666,186.2976262746135,892,412,94.33333333333333,19.652537297311568,118,3.0,2.70801280154532,8,53.166666666666664,171,5.333333333333333,16,104,2882373.3333333335,1283337.7819185234,39772613.333333336,0.7973755558048783,0.5813953488372093,2,data_version_a5
6,683.6666666666666,288.9478999558379,1210,342,98.16666666666667,19.743494005761885,122,3.0,2.70801280154532,8,53.666666666666664,172,5.333333333333333,16,104,2932325.3333333335,1291643.8751847285,40379241.333333336,0.7894323012551969,0.5617977528089888,2,data_version_a5
6,669.3333333333334,314.215778654662,1222,311,101.16666666666667,19.743494005761885,124,3.0,2.70801280154532,8,54.0,173,5.333333333333333,16,104,2974922.6666666665,1296277.5708901582,40930750.666666664,0.7823262536249298,0.5376344086021505,2,data_version_a5
5,577.2,188.3500995486862,924,356,109.6,18.33684814792335,128,2.0,1.6733200530681511,5,58.2,173,6.2,16,104,3096684.8,1421036.7238613365,39357812.8,0.7597396422040872,0.5154639175257731,2,data_version_a5
5,571.4,206.8522177787804,944,328,113.4,18.499729727755483,132,2.0,1.6733200530681511,5,59.4,175,7.0,17,104,3144000.0,1428575.2306608148,40066865.6,0.7543640195786364,0.49504950495049505,2,data_version_a5
5,544.0,159.06225196444316,793,302,117.2,18.669761648183943,136,2.0,1.6733200530681511,5,60.8,178,7.4,19,104,3198912.0,1446094.550544189,40755329.6,0.7493290144349537,0.47619047619047616,2,data_version_a5
5,580.6,177.56418557806074,868,345,120.6,18.445595680270127,139,2.0,1.6733200530681511,5,61.4,179,7.4,19,104,3253376.0,1468586.9511369083,41412292.0,0.7432623270661316,0.46296296296296297,2,data_version_a5
2,320.0,13.0,333,307,1.5,0.5,2,0.0,0.0,0,4.0,5,0.0,0,0,27600.0,8240.0,3341068.0,1.0,1.0,2,data_version_a11
7,440.2857142857143,99.62173355206367,552,308,3.857142857142857,1.2453996981544782,6,0.2857142857142857,0.4517539514526256,1,6.0,7,0.7142857142857143,3,0,66683.42857142857,35399.18058316017,12754320.57142857,1.0,1.0,2,data_version_a11
7,428.57142857142856,104.56557360658178,552,275,7.857142857142857,1.2453996981544782,10,0.2857142857142857,0.45175395145262565,1,8.0,10,0.8571428571428571,4,0,117257.14285714286,59745.092564586594,13286883.42857143,1.0,1.0,2,data_version_a11
7,442.14285714285717,99.69443109741253,555,319,11.571428571428571,1.498298354528788,14,0.2857142857142857,0.45175395145262565,1,9.857142857142858,15,1.2857142857142858,6,0,168626.2857142857,88283.71736252919,13792966.285714285,1.0,1.0,2,data_version_a11
7,431.2857142857143,105.50926064394847,553,292,15.0,1.1952286093343936,17,0.2857142857142857,0.45175395145262565,1,10.857142857142858,17,1.7142857142857142,8,0,214752.0,112978.11202428295,14281422.857142856,1.0,1.0,2,data_version_a11
7,427.7142857142857,101.54902304617535,542,281,18.857142857142858,0.989743318610787,20,0.2857142857142857,0.45175395145262565,1,12.428571428571429,20,2.0,9,0,261869.7142857143,124565.146179722,14807497.714285715,1.0,1.0,2,data_version_a11
7,441.42857142857144,109.73716279346384,556,280,22.428571428571427,1.2936264483053452,24,0.2857142857142857,0.45175395145262565,1,13.714285714285714,25,2.2857142857142856,10,0,309494.85714285716,150313.73741556934,15289417.714285715,1.0,1.0,2,data_version_a11
7,433.14285714285717,116.27851855588384,567,281,26.285714285714285,1.1605769149479943,28,0.2857142857142857,0.45175395145262565,1,14.714285714285714,27,2.4285714285714284,11,0,360585.14285714284,177995.059780103,15814145.714285715,1.0,1.0,2,data_version_a11
7,440.14285714285717,99.28520040976986,558,310,29.571428571428573,1.2936264483053452,31,0.2857142857142857,0.45175395145262565,1,16.142857142857142,30,2.7142857142857144,12,0,401782.85714285716,195851.10311329336,16259729.142857144,1.0,1.0,2,data_version_a11
7,444.85714285714283,118.27622460208327,636,288,33.57142857142857,1.293626448305345,35,0.2857142857142857,0.45175395145262565,1,17.428571428571427,35,3.0,14,0,457028.5714285714,211561.58929180284,16797798.285714287,0.9956709956709957,0.9696969696969697,2,data_version_a11
7,472.14285714285717,102.75828582709255,629,325,37.42857142857143,1.178030178747903,39,0.2857142857142857,0.45175395145262565,1,18.571428571428573,38,3.4285714285714284,16,0,512598.85714285716,235345.56317492464,17337338.85714286,0.9961389961389961,0.972972972972973,2,data_version_a11
8,469.375,113.51644979913704,623,308,36.125,12.574155041194617,43,1.625,3.5685256059050494,11,18.125,39,4.875,17,0,502308.0,286195.1103705303,16484018.0,0.99375,0.95,2,data_version_a11
8,472.875,114.37158464846065,616,291,34.5,17.073371078963874,46,2.875,4.428247395979588,11,15.0,32,3.5,14,0,490436.0,326827.2887260181,39283169.0,0.9829545454545454,0.8636363636363636,2,data_version_a11
8,492.25,107.6902386477066,607,310,38.375,17.298392266335043,50,2.875,4.428247395979588,11,16.0,33,3.625,15,0,541968.0,342362.4375658054,39785942.5,0.9739583333333333,0.7916666666666666,2,data_version_a11
8,467.25,106.08693369119497,580,322,42.25,17.505356323137214,54,2.875,4.428247395979588,11,17.625,34,4.125,17,0,591564.0,356785.8185298289,40296947.0,0.9663461538461539,0.7307692307692307,2,data_version_a11
8,454.875,96.96189651094909,561,305,46.125,17.431562609244185,58,2.875,4.428247395979588,11,19.125,34,4.5,18,0,640560.0,372745.08093333704,40806727.5,0.9613636363636364,0.6909090909090909,2,data_version_a11
8,450.375,112.56990883446606,578,272,49.75,17.498214194597114,62,2.875,4.428247395979588,11,19.875,34,4.5,18,0,682752.0,382965.27357973333,41269029.0,0.9555084745762712,0.6440677966101694,2,data_version_a11
8,437.25,102.98998737741451,547,305,53.375,17.860133678111147,66,2.875,4.428247395979588,11,21.0,35,5.0,20,0,728076.0,403948.84933615045,41750576.5,0.9503968253968254,0.6031746031746031,2,data_version_a11
8,420.75,89.89403484102824,537,299,57.125,17.716076738375232,69,2.875,4.428247395979588,11,22.5,36,5.75,23,0,770828.0,413969.0324070147,42234740.5,0.9458955223880596,0.5671641791044776,2,data_version_a11
8,434.625,104.85935520972842,556,298,61.0,17.649362594722792,73,2.875,4.428247395979588,11,24.125,37,6.375,25,0,820800.0,431259.001232438,42737139.0,0.9419014084507042,0.5352112676056338,2,data_version_a11
8,416.75,106.3117467639395,545,283,64.75,17.795715776557007,77,2.875,4.428247395979588,11,25.0,39,6.625,26,0,863072.0,444568.1934101899,43220491.5,0.9391891891891893,0.5135135135135135,2,data_version_a11
8,408.625,110.81734690471524,557,261,68.25,18.095234179197572,81,2.875,4.428247395979588,11,25.875,41,6.75,27,0,903684.0,459884.01416009234,43671758.5,0.9358974358974359,0.48717948717948717,2,data_version_a11
7,425.57142857142856,86.68474432078106,540,274,76.57142857142857,14.57842969063877,84,1.7142857142857142,3.4106675389466634,10,23.857142857142858,40,3.857142857142857,9,0,972667.4285714285,495488.1551252136,48679717.14285714,0.9090592334494774,0.4634146341463415,2,data_version_a11
7,421.85714285714283,91.88102333441651,518,264,80.28571428571429,14.458949633005709,88,1.7142857142857142,3.4106675389466634,10,24.857142857142858,42,4.285714285714286,10,0,1012553.1428571428,511754.32268993754,49147346.85714286,0.8942917547568711,0.4418604651162791,2,data_version_a11
8,398.125,91.26395441246231,532,281,78.875,18.757914996075655,91,2.75,4.205650960315181,10,29.375,53,7.5,28,0,1014304.0,510980.7652583412,46017540.5,0.9006944444444445,0.45555555555555555,2,data_version_a11
8,407.875,97.59410522669901,540,272,82.625,18.62080489667404,95,2.75,4.205650960315181,10,31.0,57,8.0,30,0,1061856.0,525186.8435214271,46503993.5,0.8956782464846981,0.4731182795698925,2,data_version_a11
8,402.75,93.79332332314492,522,280,86.375,18.747916550913065,99,2.75,4.205650960315181,10,32.25,60,8.625,32,0,1104912.0,532746.9388593425,46991894.0,0.8936738519212746,0.4948453608247423,2,data_version_a11
8,407.75,94.73350779951095,537,274,90.125,18.610732790516337,103,2.75,4.205650960315181,10,33.5,63,8.75,32,0,1151576.0,546220.9603594502,47498572.5,0.8906276220842424,0.5148514851485149,2,data_version_a11
8,414.875,96.80965538106207,556,288,93.875,18.757914996075655,106,2.75,4.205650960315181,10,34.25,64,9.0,32,0,1197212.0,561051.2152736147,47984041.0,0.888095238095238,0.5333333333333333,2,data_version_a11
8,417.25,86.61805527717648,524,294,97.5,18.553975315279473,110,2.75,4.205650960315181,10,35.125,65,9.125,32,0,1241808.0,571936.2602808113,48452739.0,0.8859715185540189,0.5373134328358209,2,data_version_a11
8,395.875,88.8783403029107,491,272,101.125,18.59057220743891,113,2.75,4.205650960315181,10,36.625,69,9.5,34,0,1286652.0,585322.9992815932,48940048.5,0.8845982142857143,0.5142857142857142,2,data_version_a11
8,396.0,87.93605631366465,499,265,104.75,18.39667089448523,117,2.75,4.205650960315181,10,38.125,71,9.875,35,0,1332616.0,599075.5429092394,49421965.5,0.8830090866728798,0.4864864864864865,2,data_version_a11
9,493.22222222222223,154.08206888089634,824,306,100.66666666666667,28.592928418676454,121,4.666666666666667,6.716480559869962,20,40.333333333333336,72,12.777777777777779,36,0,1317333.3333333333,613831.302172764,46463327.11111111,0.8952991452991453,0.47435897435897434,2,data_version_a11
7,479.0,157.25411645758956,801,292,117.28571428571429,14.027669450200259,124,1.7142857142857142,3.4106675389466634,10,34.857142857142854,64,6.714285714285714,16,0,1451218.2857142857,673394.4651980345,53996173.14285714,0.8600464576074333,0.45121951219512196,2,data_version_a11
7,466.42857142857144,158.29164506681707,800,284,121.14285714285714,13.973736297871412,128,1.7142857142857142,3.4106675389466634,10,36.57142857142857,67,7.0,17,0,1495401.142857143,681980.3405552368,54477106.28571428,0.8544876657859628,0.43023255813953487,2,data_version_a11
7,446.7142857142857,158.382641802976,786,267,125.0,13.918127952935542,132,1.7142857142857142,3.4106675389466634,10,38.0,69,7.428571428571429,18,0,1537801.142857143,701437.2554094972,54963161.71428572,0.8493517508784684,0.4111111111111111,2,data_version_a11
7,452.57142857142856,162.1770259781022,789,264,128.85714285714286,13.860824253253911,136,1.7142857142857142,3.4106675389466634,10,39.57142857142857,71,8.0,18,0,1583236.5714285714,721182.8813162951,55458565.14285714,0.844590791399302,0.39361702127659576,2,data_version_a11
7,455.14285714285717,155.77036997858517,781,273,132.57142857142858,14.140692475033513,140,1.7142857142857142,3.4106675389466634,10,40.714285714285715,72,8.285714285714286,18,0,1623629.7142857143,737456.4070420344,55917512.0,0.8407200601816045,0.38144329896907214,2,data_version_a11
7,451.85714285714283,158.27320734497454,773,259,136.0,13.918127952935542,143,1.7142857142857142,3.4106675389466634,10,41.57142857142857,73,8.428571428571429,18,0,1662390.857142857,749807.9886529862,56355651.428571425,0.8370420543060343,0.36633663366336633,2,data_version_a11
7,446.14285714285717,153.1128701984525,769,272,139.85714285714286,13.881422029137376,147,1.7142857142857142,3.4106675389466634,10,43.285714285714285,77,9.0,19,0,1708114.2857142857,769542.8869299552,56858300.0,0.8331190010250676,0.3523809523809524,2,data_version_a11
5,388.8,75.76648335510893,534,318,1.4,0.4898979485566356,2,0.0,0.0,0,4.0,5,0.0,0,0,30508.8,7447.042860088828,3828396.8,1.0,1.0,2,data_version_s2
7,438.42857142857144,110.75179088246597,590,286,4.285714285714286,1.0301575072754257,6,0.0,0.0,0,6.285714285714286,8,0.42857142857142855,1,0,75702.85714285714,30112.579143837505,10313500.0,1.0,1.0,2,data_version_s2
7,420.42857142857144,104.84526986109053,546,287,7.857142857142857,0.8329931278350429,9,0.0,0.0,0,8.142857142857142,12,0.7142857142857143,2,0,124539.42857142857,45867.8973415025,10814473.142857144,1.0,1.0,2,data_version_s2
7,403.0,93.82354258317655,501,286,11.571428571428571,0.7284313590846836,13,0.0,0.0,0,9.571428571428571,15,1.0,3,0,171154.2857142857,57336.136851563555,11313860.57142857,1.0,1.0,2,data_version_s2
7,386.0,93.72756874504503,489,264,15.428571428571429,0.9035079029052513,17,0.0,0.0,0,10.714285714285714,18,1.1428571428571428,4,0,216169.14285714287,73832.99808047226,11806441.142857144,1.0,1.0,2,data_version_s2
7,386.7142857142857,93.02029622724324,497,271,19.0,0.9258200997725514,20,0.0,0.0,0,12.0,20,1.4285714285714286,5,0,260795.42857142858,83221.08994867165,12291442.285714285,1.0,1.0,2,data_version_s2
7,387.2857142857143,86.95271997013137,485,275,22.571428571428573,1.049781318335648,24,0.0,0.0,0,13.857142857142858,25,2.4285714285714284,8,0,307716.5714285714,103385.38519381483,12771345.714285715,1.0,1.0,2,data_version_s2
7,407.14285714285717,87.19506632738309,535,287,26.285714285714285,1.0301575072754254,28,0.0,0.0,0,15.571428571428571,29,2.7142857142857144,9,0,359885.71428571426,120734.13210582556,13273030.857142856,1.0,1.0,2,data_version_s2
7,394.42857142857144,90.06800152084635,517,292,30.142857142857142,1.2453996981544782,32,0.0,0.0,0,16.857142857142858,32,3.0,10,0,406130.28571428574,137767.96537212675,13782840.57142857,1.0,1.0,2,data_version_s2
7,389.42857142857144,92.83911912990304,531,283,33.714285714285715,0.8806305718527108,35,0.0,0.0,0,18.285714285714285,34,3.142857142857143,10,0,450217.14285714284,146377.42311028764,14250164.0,1.0,1.0,2,data_version_s2
7,384.7142857142857,91.64950983535714,525,273,37.42857142857143,0.9035079029052513,39,0.0,0.0,0,19.0,35,3.142857142857143,10,0,494610.28571428574,164305.06304146937,14737062.285714285,1.0,1.0,2,data_version_s2
7,425.57142857142856,87.02685487473252,535,303,36.285714285714285,12.803060858518903,43,1.4285714285714286,3.499271061118826,10,17.0,37,3.7142857142857144,11,0,500553.14285714284,238989.8416462977,15365650.285714285,1.0,1.0,2,data_version_s2
8,440.625,126.05349806728887,661,274,35.25,17.289809137176732,47,2.5,4.330127018922194,10,17.0,39,3.875,11,0,495348.0,280386.436390921,37863265.0,1.0,1.0,2,data_version_s2
8,454.5,115.27033443171752,660,306,38.875,17.338090292762924,50,2.5,4.330127018922194,10,18.375,43,4.375,13,0,549480.0,299926.6622893003,38366093.5,1.0,1.0,2,data_version_s2
8,451.625,109.91580584702093,651,283,42.75,17.260866142809867,54,2.5,4.330127018922194,10,19.75,46,5.125,16,0,603908.0,312832.09387785004,38883648.5,1.0,1.0,2,data_version_s2
8,461.0,110.29392549002868,637,300,46.5,17.428425057933374,58,2.5,4.330127018922194,10,21.625,51,5.375,17,0,661156.0,334781.37656685745,39401345.5,1.0,1.0,2,data_version_s2
8,452.75,100.54321210305547,598,303,50.125,17.4673803130292,61,2.5,4.330127018922194,10,22.875,54,5.625,18,0,711208.0,354454.894078217,39898665.0,1.0,1.0,2,data_version_s2
8,476.5,116.86958543607486,675,331,53.75,17.268106439329124,65,2.5,4.330127018922194,10,23.75,58,6.125,20,0,765608.0,375592.4960272769,40392456.5,1.0,1.0,2,data_version_s2
8,427.375,115.48586222997169,574,306,57.5,17.428425057933374,69,2.5,4.330127018922194,10,25.125,61,6.625,22,0,818812.0,389285.182189099,40913062.5,1.0,1.0,2,data_version_s2
8,409.375,124.53908773955268,580,281,61.25,17.275343701356565,72,2.5,4.330127018922194,10,26.25,63,7.125,24,0,862040.0,395172.5486012408,41391444.0,1.0,1.0,2,data_version_s2
8,414.75,104.63597612676053,540,281,65.0,17.406895185529212,76,2.5,4.330127018922194,10,27.25,67,7.125,24,0,909976.0,407557.5212408673,41916555.0,1.0,1.0,2,data_version_s2
9,452.8888888888889,169.2765288215603,836,280,65.22222222222223,19.291781657124695,80,3.2222222222222223,4.565030796483142,10,28.666666666666668,69,8.222222222222221,25,0,901511.1111111111,429858.8571076285,40168637.333333336,0.9968253968253968,0.9714285714285714,2,data_version_s2
8,434.375,100.50614098153406,576,307,72.125,18.2923310433635,84,2.375,4.121210380458634,10,29.0,72,7.5,26,0,974028.0,462985.22991559893,43281275.0,0.986842105263158,0.8947368421052632,2,data_version_s2
8,432.25,103.86499650989259,572,271,75.875,18.15514734173204,87,2.375,4.121210380458634,10,30.125,74,8.0,27,0,1019064.0,477396.4065218757,43776862.5,0.9761904761904762,0.8095238095238095,2,data_version_s2
8,422.0,103.57243841872219,540,274,79.625,18.00650923971662,91,2.375,4.121210380458634,10,31.75,77,8.375,28,0,1062300.0,485770.04744220286,44246524.5,0.967391304347826,0.7391304347826086,2,data_version_s2
8,430.75,94.59882398846193,525,297,83.125,17.99609332605274,95,2.375,4.121210380458634,10,33.25,81,8.75,29,0,1107624.0,499701.95270380925,44727879.0,0.96,0.68,2,data_version_s2
8,421.25,95.7127865021179,521,292,86.5,17.930421077041107,98,2.375,4.121210380458634,10,34.25,85,9.0,30,0,1150471.0,516695.81143938063,45204238.5,0.9551886792452831,0.6415094339622641,2,data_version_s2
8,411.875,96.37224379975802,503,273,90.125,17.74427724648147,102,2.375,4.121210380458634,10,35.125,87,9.625,32,0,1193192.0,526775.636612021,45689171.0,0.9495614035087719,0.5964912280701754,2,data_version_s2
8,405.375,101.82207214057274,517,267,94.125,17.74427724648147,106,2.375,4.121210380458634,10,37.0,92,10.0,33,0,1242008.0,541191.2801662643,46193325.5,0.944672131147541,0.5573770491803278,2,data_version_s2
8,402.875,96.9180549484976,508,263,97.625,18.034255598721007,110,2.375,4.121210380458634,10,38.25,94,10.5,34,0,1282232.0,552615.1289713302,46636308.0,0.94140625,0.53125,2,data_version_s2
8,380.75,86.64691281286368,488,270,101.5,17.96524422322168,114,2.375,4.121210380458634,10,40.125,99,10.875,35,0,1329604.0,569804.9086345255,47135744.5,0.9375,0.5,2,data_version_s2
8,377.0,90.14016862642315,468,261,105.375,18.192975979756582,118,2.375,4.121210380458634,10,41.625,101,11.25,36,0,1375472.0,584955.2107024947,47625241.5,0.9348591549295775,0.4788732394366197,2,data_version_s2
8,393.375,80.93197374956328,494,274,104.625,27.48607602041441,122,3.5,6.557438524302,19,42.875,104,12.5,37,0,1426148.0,592360.6727121577,26359728.0,1.0,1.0,2,data_version_s2
7,402.85714285714283,101.01687068636262,521,267,117.14285714285714,14.014569678206538,125,1.2857142857142858,3.1493439550069433,9,44.42857142857143,106,11.571428571428571,38,0,1562550.857142857,589313.9482937352,26816112.57142857,1.0,1.0,2,data_version_s2
7,428.57142857142856,98.7447751136479,555,301,121.14285714285714,14.014569678206538,129,1.2857142857142858,3.1493439550069433,9,46.142857142857146,112,12.0,40,0,1618198.857142857,603817.7058709568,27354760.0,1.0,1.0,2,data_version_s2
7,410.2857142857143,103.44179078898748,533,279,125.14285714285714,14.014569678206538,133,1.2857142857142858,3.1493439550069433,9,47.0,114,12.285714285714286,41,0,1666761.142857143,618501.1867602493,27873323.42857143,1.0,1.0,2,data_version_s2
7,404.42857142857144,81.53501814357723,493,300,128.85714285714286,13.912261513074117,137,1.2857142857142858,3.1493439550069433,9,48.42857142857143,117,12.714285714285714,42,0,1713307.4285714286,637000.0920221637,28364296.57142857,1.0,1.0,2,data_version_s2
7,411.2857142857143,100.4201378291857,533,278,132.42857142857142,14.150791425188334,141,1.2857142857142858,3.1493439550069433,9,49.857142857142854,122,13.142857142857142,44,0,1758669.7142857143,647216.6728661418,28839281.14285714,1.0,1.0,2,data_version_s2
7,396.0,101.73354552808176,516,259,136.28571428571428,14.068346290411634,144,1.2857142857142858,3.1493439550069433,9,51.42857142857143,126,14.0,47,0,1806843.4285714286,665135.3920052361,29336422.85714286,1.0,1.0,2,data_version_s2
7,386.0,90.63269671749657,491,276,140.0,13.948886284267592,148,1.2857142857142858,3.1493439550069433,9,53.142857142857146,132,14.857142857142858,51,0,1853622.857142857,682754.725735474,29829034.285714287,1.0,1.0,2,data_version_s2
3,403.6666666666667,117.13904368550888,569,312,1.3333333333333333,0.4714045207910317,2,0.3333333333333333,0.4714045207910317,1,3.6666666666666665,4,0.3333333333333333,1,0,25600.0,5137.237649424705,5583236.0,1.0,1.0,2,data_version_s3
7,439.57142857142856,106.66215976873248,579,293,3.2857142857142856,1.749635530559413,6,0.42857142857142855,0.49487165930539345,1,5.714285714285714,7,0.5714285714285714,2,0,61284.57142857143,30516.135117845643,17810277.714285713,1.0,1.0,2,data_version_s3
7,431.42857142857144,112.08014625112455,583,285,7.0,1.6035674514745464,10,0.42857142857142855,0.4948716593053935,1,7.0,8,0.5714285714285714,2,0,107396.57142857143,44507.80607892489,18302915.42857143,1.0,1.0,2,data_version_s3
7,410.57142857142856,94.47880660740367,521,277,10.714285714285714,1.385051387833237,13,0.42857142857142855,0.49487165930539345,1,9.0,10,1.1428571428571428,3,0,157645.7142857143,58821.49355881569,18814649.14285714,1.0,1.0,2,data_version_s3
7,430.0,80.78366171448283,523,317,14.285714285714286,1.577908716741037,17,0.42857142857142855,0.49487165930539345,1,11.0,14,1.8571428571428572,6,0,211977.14285714287,80405.53617653908,19320353.14285714,1.0,1.0,2,data_version_s3
7,416.57142857142856,94.37895822216963,522,280,17.714285714285715,1.3850513878332367,20,0.42857142857142855,0.49487165930539345,1,12.285714285714286,16,2.2857142857142856,7,0,253051.42857142858,91881.10566978416,19775417.714285713,1.0,1.0,2,data_version_s3
7,404.0,103.17114768328263,505,274,21.571428571428573,1.3997084244475304,24,0.42857142857142855,0.49487165930539345,1,14.428571428571429,21,3.142857142857143,10,0,303136.0,107714.09148296244,20285681.14285714,1.0,1.0,2,data_version_s3
7,425.57142857142856,110.65371615069773,544,269,25.571428571428573,1.3997084244475304,28,0.42857142857142855,0.49487165930539345,1,15.857142857142858,24,3.2857142857142856,10,0,354496.0,121829.39085224293,20808301.714285713,1.0,1.0,2,data_version_s3
7,415.0,101.91032472578176,526,292,29.0,1.927248223318863,32,0.42857142857142855,0.49487165930539345,1,17.428571428571427,28,4.0,13,0,399620.5714285714,139571.05061156602,21275080.57142857,1.0,1.0,2,data_version_s3
7,437.14285714285717,117.23045505258749,583,277,32.857142857142854,1.8070158058105026,36,0.42857142857142855,0.49487165930539345,1,19.142857142857142,32,4.428571428571429,14,0,450683.4285714286,155020.79213802915,21778052.57142857,1.0,1.0,2,data_version_s3
7,413.42857142857144,103.61585254177655,552,268,36.285714285714285,1.6659862556700857,39,0.42857142857142855,0.49487165930539345,1,20.571428571428573,35,4.857142857142857,15,0,495030.85714285716,167899.7223135869,22241178.85714286,1.0,1.0,2,data_version_s3
8,405.75,109.86326729166578,585,286,35.25,12.356678356257397,43,1.875,3.8547859862773186,12,20.625,36,6.25,17,0,484016.0,223871.31675138735,21410628.0,0.993421052631579,0.9473684210526315,2,data_version_s3
8,416.375,104.2172460536163,555,268,34.0,17.48570845004571,47,3.5,5.220153254455275,13,18.0,38,5.0,13,0,449712.0,261319.46499256423,44830145.0,0.9847560975609756,0.8780487804878049,2,data_version_s3
8,396.0,90.14987520790032,512,262,37.75,17.361955535019664,51,3.5,5.220153254455275,13,19.875,41,6.0,15,0,496080.0,270016.94334985723,45312316.5,0.975,0.8,2,data_version_s3
8,409.125,81.78544720792324,501,279,41.375,17.456642718461072,55,3.5,5.220153254455275,13,21.625,44,6.75,17,0,542852.0,281978.95430687733,45785605.0,0.96875,0.75,2,data_version_s3
8,418.375,83.41003761538535,504,294,45.125,17.884612799834386,59,3.5,5.220153254455275,13,23.125,47,7.5,19,0,587380.0,295440.4128618832,46264958.0,0.9615384615384616,0.6923076923076923,2,data_version_s3
8,405.5,80.45806361080287,499,271,48.75,17.963504669189696,63,3.5,5.220153254455275,13,24.625,50,7.875,20,0,633252.0,309592.4424658974,46741749.5,0.9553571428571428,0.6428571428571429,2,data_version_s3
8,436.75,94.17238183246721,541,292,52.5,17.783419243778738,66,3.5,5.220153254455275,13,26.0,52,8.0,21,0,679184.0,315433.5431243798,47226647.0,0.95,0.6,2,data_version_s3
8,413.875,96.54459785508458,530,273,56.125,18.13448027929116,70,3.5,5.220153254455275,13,28.125,56,8.75,22,0,725644.0,333896.730550031,47688006.5,0.9453125,0.5625,2,data_version_s3
8,404.375,85.39897174439514,487,284,59.875,18.03078963883723,74,3.5,5.220153254455275,13,29.375,59,9.125,23,0,768048.0,344510.1634727196,48168030.0,0.9421641791044776,0.5373134328358209,2,data_version_s3
8,414.25,93.21044737581727,502,274,63.5,17.783419243778738,77,3.5,5.220153254455275,13,31.25,63,10.125,26,0,812376.0,352530.95691584307,48626415.5,0.9383802816901409,0.5070422535211268,2,data_version_s3
8,430.5,137.71982428103806,718,283,67.375,17.74075463445679,81,3.5,5.220153254455275,13,32.625,65,10.625,27,0,860788.0,369183.7465328072,49132455.5,0.935,0.48,2,data_version_s3
8,443.0,113.87383369325896,665,290,70.875,18.258131749990195,85,3.125,4.675401052316261,13,34.25,68,10.625,27,0,919472.0,386645.2988670624,51659260.0,0.9251332445036642,0.5063291139240507,2,data_version_s3
8,452.75,119.84338738537058,686,299,74.5,18.33030277982336,89,3.125,4.675401052316261,13,35.5,70,11.25,28,0,969664.0,407358.26708193857,52158669.0,0.916739256678281,0.524390243902439,2,data_version_s3
8,439.125,121.79638490119483,675,272,78.125,18.387750678100897,92,3.125,4.675401052316261,13,36.75,72,11.375,29,0,1015828.0,428026.16949901555,52626298.0,0.9127583979328165,0.5465116279069767,2,data_version_s3
8,411.875,97.95718133449941,507,269,81.75,18.437394067492292,96,3.125,4.675401052316261,13,37.875,74,11.625,30,0,1062956.0,445165.5743563287,53104212.0,0.9075680272108844,0.5666666666666667,2,data_version_s3
8,419.0,104.97975995400256,540,272,85.625,18.39114936593143,100,3.125,4.675401052316261,13,39.5,78,12.25,31,0,1114856.0,457177.8194444695,53617628.0,0.9033269771176234,0.5851063829787234,2,data_version_s3
8,409.75,98.1488028454754,516,268,89.25,18.48479104561369,104,3.125,4.675401052316261,13,40.5,79,12.625,31,0,1155676.0,467644.19334361464,54075741.0,0.9006351251840943,0.5979381443298969,2,data_version_s3
8,410.125,88.93317364740786,500,288,93.25,18.48479104561369,108,3.125,4.675401052316261,13,41.875,82,12.875,32,0,1204320.0,483002.8707823588,54593336.5,0.8975660066006601,0.5666666666666667,2,data_version_s3
8,398.25,91.86913246569819,496,271,96.875,18.509710289466987,111,3.125,4.675401052316261,13,43.75,85,13.625,33,0,1247240.0,491375.3531303743,55057084.0,0.8949776785714285,0.53125,2,data_version_s3
8,425.875,92.15671096018998,538,290,100.375,18.18610389830653,113,3.125,4.675401052316261,13,45.25,88,14.125,34,0,1295748.0,505774.199468498,55537639.5,0.8927752293577982,0.5,2,data_version_s3
8,420.375,80.64108366707381,518,307,104.0,17.98610574860495,117,3.125,4.675401052316261,13,47.0,91,14.625,35,0,1344380.0,526686.271444396,56028277.0,0.8905009920634921,0.4722222222222222,2,data_version_s3
8,397.875,89.82404675252613,513,275,103.625,27.156663546908703,121,4.25,7.275816105427624,22,49.5,91,17.375,35,0,1386548.0,541707.5395598625,32290849.0,0.9579741379310345,0.6637931034482759,2,data_version_s3
7,392.7142857142857,92.27863749956167,496,272,116.0,13.959124000349838,124,1.7142857142857142,3.0101867865293537,9,50.714285714285715,95,15.714285714285714,38,0,1518203.4285714286,535551.5576148327,33727872.0,0.9535714285714285,0.675,2,data_version_s3
7,409.14285714285717,82.67047939419068,525,295,119.85714285714286,13.881422029137376,127,1.7142857142857142,3.0101867865293537,9,52.0,98,15.857142857142858,38,0,1569161.142857143,553204.3448800113,34261405.14285714,0.9550691244239632,0.6854838709677419,2,data_version_s3
7,402.42857142857144,84.61823029323637,505,292,123.42857142857143,14.150791425188334,131,1.7142857142857142,3.0101867865293537,9,52.857142857142854,100,16.285714285714285,39,0,1611593.142857143,570064.9281264695,34719818.85714286,0.9561304836895388,0.6929133858267716,2,data_version_s3
7,396.57142857142856,87.41993421388044,516,288,127.14285714285714,14.034941818074442,135,1.7142857142857142,3.0101867865293537,9,54.714285714285715,104,16.857142857142858,41,0,1659570.2857142857,588138.2340401943,35221984.0,0.9574700109051254,0.7022900763358778,2,data_version_s3
7,400.42857142857144,94.47427033379003,509,280,130.71428571428572,13.853460482743609,138,1.7142857142857142,3.0101867865293537,9,56.285714285714285,106,17.285714285714285,42,0,1706701.7142857143,597425.842815112,35718430.28571428,0.9587301587301588,0.7111111111111111,2,data_version_s3
7,393.85714285714283,91.89035169534328,492,272,134.42857142857142,14.150791425188334,142,1.7142857142857142,3.0101867865293537,9,56.857142857142854,107,17.428571428571427,42,0,1749161.142857143,614746.8208535536,36203368.571428575,0.9596273291925466,0.717391304347826,2,data_version_s3
7,380.14285714285717,95.60249334977554,495,265,138.14285714285714,14.075597642004118,146,1.7142857142857142,3.0101867865293537,9,57.857142857142854,108,17.714285714285715,43,0,1793709.7142857143,630298.1927613342,36700086.85714286,0.9607645875251508,0.7253521126760564,2,data_version_s3
3,295.6666666666667,2.357022603955158,299,294,1.6666666666666667,0.4714045207910317,2,0.0,0.0,0,5.333333333333333,6,1.0,2,0,31018.666666666668,8258.080702493098,4227068.0,1.0,1.0,2,data_version_s4
7,437.0,111.99744895053891,578,294,3.7142857142857144,1.4846149779161806,6,0.5714285714285714,0.4948716593053935,1,6.714285714285714,9,0.8571428571428571,2,0,68045.71428571429,27657.82818513354,15088333.714285715,1.0,1.0,2,data_version_s4
7,416.2857142857143,110.92818047948768,557,289,7.571428571428571,1.761261143705422,10,0.5714285714285714,0.4948716593053935,1,8.0,10,0.8571428571428571,2,0,114939.42857142857,42607.308369933584,15587416.0,1.0,1.0,2,data_version_s4
7,416.7142857142857,85.12799486775242,519,312,11.142857142857142,1.7261494247992246,14,0.5714285714285714,0.4948716593053935,1,9.142857142857142,12,0.8571428571428571,2,0,166189.7142857143,60580.48518815818,16099304.0,1.0,1.0,2,data_version_s4
7,408.42857142857144,98.97886808066968,540,284,14.571428571428571,1.5907898179514348,17,0.5714285714285714,0.4948716593053935,1,10.285714285714286,14,1.1428571428571428,2,0,207849.14285714287,72289.17009469394,16559485.714285715,1.0,1.0,2,data_version_s4
7,410.2857142857143,104.04492750141887,537,285,18.285714285714285,1.9059520091609048,21,0.5714285714285714,0.4948716593053935,1,11.428571428571429,17,1.7142857142857142,4,0,253769.14285714287,92688.47164473441,17049158.85714286,1.0,1.0,2,data_version_s4
7,421.0,101.60005624295407,573,291,22.0,1.7728105208558367,25,0.5714285714285714,0.4948716593053935,1,13.285714285714286,21,2.0,5,0,304918.85714285716,111969.47791688409,17530029.14285714,1.0,1.0,2,data_version_s4
7,411.14285714285717,100.62437729557608,533,282,25.857142857142858,1.8070158058105024,29,0.5714285714285714,0.4948716593053935,1,15.0,25,2.5714285714285716,7,0,354971.4285714286,131533.08790333997,18050435.42857143,1.0,1.0,2,data_version_s4
7,422.57142857142856,107.41090280235208,548,274,29.428571428571427,1.5907898179514348,32,0.5714285714285714,0.4948716593053935,1,16.0,26,2.7142857142857144,7,0,398386.28571428574,143253.84626670266,18524595.42857143,1.0,1.0,2,data_version_s4
7,408.0,80.71643486392878,506,298,33.285714285714285,1.6659862556700857,36,0.5714285714285714,0.4948716593053935,1,17.571428571428573,29,3.142857142857143,9,0,449037.71428571426,165066.9060660073,19040545.714285713,1.0,1.0,2,data_version_s4
7,401.85714285714283,81.4395982508835,480,291,37.142857142857146,1.8844151368961313,40,0.5714285714285714,0.4948716593053935,1,18.714285714285715,32,3.7142857142857144,11,0,495913.14285714284,185392.59324658543,19537592.0,1.0,1.0,2,data_version_s4
8,385.375,88.99429405866424,497,285,35.625,13.152352451177698,42,1.875,3.4798527267687636,11,19.125,33,4.875,11,0,478728.0,232563.5570419407,19113341.0,0.996875,0.975,2,data_version_s4
8,420.25,102.46554298885064,595,294,34.0,17.363755354185336,46,3.25,4.493050188902857,11,16.875,32,4.5,13,0,414008.0,204092.9951174219,44796864.5,0.9770084566596194,0.9069767441860465,2,data_version_s4
8,409.0,99.3617129481975,535,268,37.625,17.435147690799756,50,3.25,4.493050188902857,11,19.0,35,5.25,14,0,457192.0,211080.36050755647,45262194.0,0.9601063829787233,0.8297872340425532,2,data_version_s4
8,419.625,83.49242106323184,508,281,41.375,17.592168001698937,54,3.25,4.493050188902857,11,20.75,38,6.0,16,0,501936.0,217125.10119283767,45751686.5,0.9436274509803921,0.7647058823529411,2,data_version_s4
8,432.375,104.94514936384626,562,279,45.125,17.445898515123833,57,3.25,4.493050188902857,11,22.75,42,6.75,18,0,546136.0,218667.43640514926,46226665.5,0.9295454545454546,0.7090909090909091,2,data_version_s4
8,419.75,109.57845363026438,530,271,48.625,17.74075463445679,61,3.25,4.493050188902857,11,24.0,45,7.125,20,0,586536.0,224971.34352623668,46666763.0,0.9202586206896552,0.6724137931034483,2,data_version_s4
8,429.5,115.70328430947843,540,273,52.375,17.620566818351787,65,3.25,4.493050188902857,11,25.875,49,8.375,23,0,630192.0,229709.97226938145,47131597.0,0.9092741935483871,0.6290322580645161,2,data_version_s4
8,418.25,113.8329367977476,561,274,56.375,17.620566818351787,69,3.25,4.493050188902857,11,28.0,52,8.875,26,0,676612.0,236910.98233724834,47641109.0,0.8996212121212122,0.5909090909090909,2,data_version_s4
8,418.875,110.80324622952163,564,264,60.125,17.74427724648147,73,3.25,4.493050188902857,11,29.625,55,9.5,27,0,718976.0,243910.23975224985,48112124.5,0.8910714285714285,0.5571428571428572,2,data_version_s4
8,422.0,104.66733014651706,554,277,63.75,17.80975856096876,76,3.25,4.493050188902857,11,30.75,57,9.75,28,0,758896.0,252648.96247560566,48555071.5,0.8843715290633098,0.527027027027027,2,data_version_s4
8,428.75,100.52207469008984,569,297,67.25,17.82379028153103,80,3.25,4.493050188902857,11,32.625,60,10.375,30,0,808032.0,263613.23135229765,49035185.5,0.8782467532467533,0.5064935064935064,2,data_version_s4
9,447.77777777777777,112.68518366353206,633,297,68.0,19.026297590440446,84,4.0,4.737556801183965,11,34.666666666666664,64,12.11111111111111,31,0,880476.4444444445,279791.5991714433,45794031.55555555,0.8901920438957475,0.5185185185185185,2,data_version_s4
8,435.5,90.78133067982645,581,306,75.5,16.859715300087366,88,3.125,4.284784125250653,11,33.375,67,10.0,27,0,942388.0,302593.68736310414,49747661.5,0.8711898395721925,0.5411764705882353,2,data_version_s4
8,415.5,99.65314847008096,526,281,79.0,16.575584454250777,91,3.125,4.284784125250653,11,34.0,69,10.0,27,0,981192.0,313176.05742457387,50194460.0,0.8666262342526387,0.5617977528089888,2,data_version_s4
8,412.625,106.161360084543,593,275,82.75,16.753730927766508,95,3.125,4.284784125250653,11,35.25,71,10.75,28,0,1026112.0,326848.73820163356,50673707.0,0.8648763853367434,0.5760869565217391,2,data_version_s4
8,407.5,101.04701875859574,587,264,86.5,16.889345754054535,99,3.125,4.284784125250653,11,36.625,73,11.375,29,0,1071588.0,341948.23446831835,51153561.0,0.862405303030303,0.59375,2,data_version_s4
8,409.125,100.77504341353567,584,256,90.375,16.79983258845159,103,3.125,4.284784125250653,11,38.0,75,11.5,29,0,1121360.0,356615.99919240864,51669641.5,0.8605084745762712,0.61,2,data_version_s4
8,401.25,96.68861101494839,550,256,93.5,17.684739183827393,107,3.125,4.284784125250653,11,39.125,78,11.875,30,0,1161232.0,366654.4087938941,52135513.0,0.8598349906044472,0.6129032258064516,2,data_version_s4
8,390.25,85.15243684123197,497,264,97.0,17.95828499606797,110,3.125,4.284784125250653,11,40.625,79,12.375,31,0,1205052.0,380013.919218757,52618894.0,0.858184650240725,0.5757575757575758,2,data_version_s4
8,396.375,78.13439943456403,481,268,100.75,18.109044701474453,114,3.125,4.284784125250653,11,42.625,84,12.875,32,0,1251908.0,397088.7844097337,53101721.5,0.8572715572715572,0.5428571428571428,2,data_version_s4
8,386.75,80.9100580892141,467,272,104.25,18.109044701474453,118,3.125,4.284784125250653,11,44.125,87,13.375,33,0,1293592.0,410901.8896817098,53553368.5,0.8571070133642623,0.5205479452054794,2,data_version_s4
9,381.22222222222223,78.98210455227294,481,280,100.22222222222223,27.45006690045593,121,4.888888888888889,6.419491922513018,19,47.111111111111114,89,16.22222222222222,35,0,1277710.2222222222,431433.71216182027,51015395.11111111,0.8721598552107026,0.4935064935064935,2,data_version_s4
8,415.875,96.37743187593244,547,307,102.125,28.580751827060112,124,5.5,6.557438524302,19,42.75,73,13.875,35,0,1330232.0,467940.8807103735,54642572.0,0.901904978749241,0.5185185185185185,2,data_version_s4
8,408.625,98.69262573769126,529,296,105.75,28.847660217078264,128,5.5,6.557438524302,19,43.5,75,13.875,35,0,1374632.0,483834.01047880045,55126097.5,0.9049642857142857,0.5357142857142857,2,data_version_s4
8,407.875,100.88042116783613,559,283,109.25,28.485742047557757,131,5.5,6.557438524302,19,45.0,78,14.375,36,0,1417572.0,492773.39056406036,55591804.0,0.9087495595489781,0.5568181818181818,2,data_version_s4
8,397.5,92.8453014427763,543,265,113.25,28.485742047557757,135,5.5,6.557438524302,19,46.0,82,14.75,38,0,1466556.0,509332.125120731,56124955.0,0.9122364334749918,0.5760869565217391,2,data_version_s4
8,397.25,93.40068254568592,532,290,117.0,28.495613697550013,139,5.5,6.557438524302,19,47.0,84,15.0,39,0,1513432.0,519763.46244806395,56619860.5,0.9152113970588236,0.59375,2,data_version_s4
8,400.625,96.9161203051381,530,280,120.625,28.407470408327455,143,5.5,6.557438524302,19,48.25,89,15.5,41,0,1560712.0,536531.8864857894,57129084.0,0.9182142857142856,0.61,2,data_version_s4
8,404.0,108.74281585465772,531,283,124.25,28.49012986983387,147,5.5,6.557438524302,19,49.125,90,15.875,41,0,1602428.0,542119.5733931768,57614645.5,0.9210069444444444,0.625,2,data_version_s4
7,409.42857142857144,108.97818542240087,526,273,3.4285714285714284,1.178030178747903,5,0.2857142857142857,0.4517539514526256,1,6.571428571428571,8,0.5714285714285714,2,0,63643.42857142857,28135.61244532398,16219145.714285715,1.0,1.0,2,data_version_s5
7,392.57142857142856,95.58071703742212,491,263,7.428571428571429,1.1780301787479033,9,0.2857142857142857,0.45175395145262565,1,8.714285714285714,13,1.0,4,0,114276.57142857143,49144.18220140506,16745793.142857144,1.0,1.0,2,data_version_s5
7,395.14285714285717,98.04434648438951,498,280,11.0,1.1952286093343936,13,0.2857142857142857,0.45175395145262565,1,10.0,15,1.2857142857142858,5,0,157394.2857142857,66388.57233357106,17211414.85714286,1.0,1.0,2,data_version_s5
7,385.42857142857144,92.34230905070724,473,272,14.857142857142858,1.355261854357877,17,0.2857142857142857,0.45175395145262565,1,11.285714285714286,18,1.2857142857142858,5,0,207117.7142857143,87545.82744681176,17718127.42857143,1.0,1.0,2,data_version_s5
7,377.85714285714283,91.26950448523094,490,265,18.428571428571427,1.178030178747903,20,0.2857142857142857,0.45175395145262565,1,13.0,21,1.8571428571428572,7,0,249723.42857142858,104807.06827698373,18182346.285714287,1.0,1.0,2,data_version_s5
7,366.2857142857143,83.1001362998956,468,266,22.285714285714285,1.3850513878332367,24,0.2857142857142857,0.4517539514526256,1,14.142857142857142,24,2.4285714285714284,9,0,295003.4285714286,126652.31026583553,18674999.42857143,1.0,1.0,2,data_version_s5
7,393.7142857142857,94.00108553433121,486,272,25.857142857142858,1.355261854357877,28,0.2857142857142857,0.45175395145262565,1,15.571428571428571,27,2.857142857142857,10,0,341632.0,148586.92504677907,19141799.42857143,1.0,1.0,2,data_version_s5
7,374.7142857142857,87.21683042970595,470,265,29.714285714285715,1.1605769149479943,31,0.2857142857142857,0.45175395145262565,1,17.571428571428573,31,3.5714285714285716,13,0,388283.4285714286,165883.09642538466,19643555.42857143,1.0,1.0,2,data_version_s5
7,378.2857142857143,84.35251590068616,472,262,33.42857142857143,1.049781318335648,35,0.2857142857142857,0.4517539514526256,1,19.571428571428573,36,4.0,14,0,436960.0,191868.3907027344,20152063.42857143,1.0,1.0,2,data_version_s5
7,399.7142857142857,92.56459410396964,523,274,37.0,1.1952286093343936,39,0.2857142857142857,0.45175395145262565,1,20.714285714285715,39,4.857142857142857,17,0,483670.85714285716,215464.35049607136,20625553.714285713,1.0,1.0,2,data_version_s5
8,376.5,94.9025816297955,503,266,35.875,12.454291429061712,42,1.75,3.897114317029974,12,20.875,41,6.0,17,0,471524.0,257827.0842250674,19371481.5,0.9967948717948718,0.9743589743589743,2,data_version_s5
8,396.875,89.97282575867004,506,272,34.25,17.217360424873494,45,2.875,4.484347778663024,12,17.875,34,5.125,13,0,412356.0,246630.92007288948,42220649.0,0.9764673311184939,0.9047619047619048,2,data_version_s5
8,393.75,80.34729304712138,490,282,38.0,17.073371078963874,49,2.875,4.484347778663024,12,19.75,38,5.875,15,0,456324.0,256526.04075220122,42703360.0,0.9569842738205365,0.8260869565217391,2,data_version_s5
8,392.75,83.18465904239795,491,280,42.125,17.14232700073126,53,2.875,4.484347778663024,12,21.75,43,6.125,15,0,502744.0,266139.93011196196,43219053.0,0.9405882352941176,0.76,2,data_version_s5
8,399.75,91.94665573037445,493,274,45.375,17.014240359181482,56,2.875,4.484347778663024,12,23.0,45,6.375,17,0,542340.0,276644.555399162,43635073.0,0.9299004192872118,0.7169811320754716,2,data_version_s5
8,392.0,83.53292763934472,480,277,49.25,16.939229616484923,60,2.875,4.484347778663024,12,24.625,49,7.125,19,0,584564.0,283334.42321045283,44125565.5,0.9173850574712643,0.6666666666666666,2,data_version_s5
8,398.0,97.09273917240156,508,268,53.0,17.09532099727876,64,2.875,4.484347778663024,12,26.25,51,7.75,22,0,630368.0,291555.81382644386,44609917.0,0.9064978847170809,0.6229508196721312,2,data_version_s5
8,396.25,89.34168959673866,499,273,56.75,17.224619008848933,68,2.875,4.484347778663024,12,28.125,56,8.375,23,0,671908.0,303563.6436466001,45075388.5,0.8969405594405595,0.5846153846153846,2,data_version_s5
8,383.0,85.27895402735659,463,270,60.5,17.399712641305314,72,2.875,4.484347778663024,12,30.25,59,9.5,26,0,714452.0,313705.0264691339,45544494.5,0.8894957983193277,0.5571428571428572,2,data_version_s5
8,379.0,87.23817971507658,483,263,64.375,17.327272578221883,76,2.875,4.484347778663024,12,31.625,62,10.0,27,0,755936.0,319259.5112443794,46033665.0,0.8818506006006006,0.527027027027027,2,data_version_s5
8,417.25,105.94190625054847,629,281,68.25,17.24637643100718,79,2.875,4.484347778663024,12,33.0,68,10.375,28,0,816316.0,334471.47463423543,46542889.0,0.875,0.5,2,data_version_s5
7,391.14285714285717,91.2428918114855,502,271,70.71428571428571,18.202937641367402,83,3.142857142857143,4.733726150223112,12,28.571428571428573,48,8.142857142857142,29,0,844164.5714285715,366919.3723526648,47920054.28571428,0.9250871080139372,0.47560975609756095,2,data_version_s5
8,401.0,102.79348228365454,563,289,70.375,19.716347912328995,87,4.0,4.9749371855331,12,32.25,53,10.625,29,0,915556.0,362083.64167413034,44829309.5,0.9352941176470588,0.4823529411764706,2,data_version_s5
8,407.0,92.98118089161913,555,306,74.25,19.885610375344278,91,4.0,4.9749371855331,12,33.625,56,11.0,30,0,963644.0,377144.30008685007,45347990.5,0.9382022471910112,0.5056179775280899,2,data_version_s5
8,402.125,75.54706728258881,502,296,78.125,19.782805033664967,94,4.0,4.9749371855331,12,34.75,58,11.375,31,0,1011952.0,395830.2420785961,45857369.5,0.9408602150537635,0.5268817204301075,2,data_version_s5
8,383.5,73.94085474215186,478,293,81.75,20.004686950812303,98,4.0,4.9749371855331,12,35.75,62,11.625,31,0,1053736.0,413184.7319541224,46330385.0,0.9432989690721649,0.5463917525773195,2,data_version_s5
8,382.75,94.98124814930577,497,281,85.5,19.80530232033836,102,4.0,4.9749371855331,12,36.875,63,11.75,31,0,1095540.0,424723.01583031734,46818810.5,0.9450000000000001,0.56,2,data_version_s5
8,376.0,99.68701018688444,494,269,89.25,19.613452016409553,105,4.0,4.9749371855331,12,38.0,68,12.125,32,0,1136996.0,431462.0396929491,47296434.0,0.9471153846153846,0.5769230769230769,2,data_version_s5
8,384.875,101.44510522938009,509,272,93.125,19.782805033664967,109,4.0,4.9749371855331,12,39.0,70,12.5,33,0,1181604.0,443108.3744819093,47810085.0,0.9490740740740741,0.5925925925925926,2,data_version_s5
8,387.125,103.1412108470712,516,267,96.625,19.905636764494623,113,4.0,4.9749371855331,12,40.25,74,12.5,33,0,1226180.0,463663.9363504563,48269564.5,0.9508928571428572,0.6071428571428571,2,data_version_s5
8,402.625,102.05138105385933,554,293,100.5,19.80530232033836,117,4.0,4.9749371855331,12,41.375,76,13.0,35,0,1273468.0,474683.96369795344,48773456.5,0.9525862068965517,0.6206896551724138,2,data_version_s5
8,420.75,89.42979089766452,556,284,104.0,20.18662923818635,120,4.0,4.9749371855331,12,42.125,78,13.25,36,0,1322032.0,494368.47614709416,49256830.0,0.953781512605042,0.6302521008403361,2,data_version_s5
6,441.5,96.27867538210802,590,298,116.16666666666667,16.18040653245633,124,1.6666666666666667,3.2998316455372216,9,32.166666666666664,66,6.166666666666667,17,0,1307760.0,569629.778023118,59053415.333333336,0.9287093495934959,0.6097560975609756,2,data_version_s5
6,408.6666666666667,79.06677908929613,505,283,119.66666666666667,15.965240019770729,128,1.6666666666666667,3.2998316455372216,9,32.666666666666664,69,6.333333333333333,17,0,1343610.6666666667,579591.4397098088,59483776.0,0.9178696412948382,0.5905511811023622,2,data_version_s5
6,391.1666666666667,80.86906426783705,483,264,123.5,15.88238017426859,131,1.6666666666666667,3.2998316455372216,9,34.5,71,7.333333333333333,18,0,1387744.0,601562.0555409613,59956110.0,0.9086538461538461,0.5769230769230769,2,data_version_s5
6,398.3333333333333,83.58163009231686,475,272,127.33333333333333,16.254913786982144,135,1.6666666666666667,3.2998316455372216,9,36.666666666666664,74,7.833333333333333,19,0,1436096.0,617729.1291604544,60437287.333333336,0.9009758897818599,0.5597014925373134,2,data_version_s5
6,385.3333333333333,85.54076351203689,480,257,131.0,16.10382977224155,139,1.6666666666666667,3.2998316455372216,9,37.833333333333336,77,8.166666666666666,19,0,1478496.0,633379.7834138167,60912078.0,0.8923340961098397,0.5434782608695652,2,data_version_s5
6,384.3333333333333,85.72371641241153,459,256,134.16666666666666,15.763001688200832,142,1.6666666666666667,3.2998316455372216,9,39.5,79,8.666666666666666,20,0,1520794.6666666667,646186.7295477026,61340850.0,0.8843244653103808,0.528169014084507,2,data_version_s5
6,386.8333333333333,85.54222479116511,461,265,138.0,15.684387141358123,146,1.6666666666666667,3.2998316455372216,9,40.666666666666664,80,9.0,20,0,1562597.3333333333,665063.4849001677,61805244.666666664,0.8774690324740543,0.5172413793103449,2,data_version_s5
3,313.3333333333333,14.197026292697903,333,300,1.3333333333333333,0.4714045207910317,2,0.0,0.0,0,4.333333333333333,5,1.3333333333333333,4,0,27520.0,6728.883017757603,2351774.6666666665,1.0,1.0,3,data_flood
10,505.0,127.22656955211832,698,338,3.6,1.2806248474865698,6,7.2,21.26875642815066,71,6.3,10,8.8,31,0,78156.8,36300.16078421692,12411613.6,1.0,1.0,3,data_flood
10,463.7,123.91049188829815,617,303,7.5,1.284523257866513,10,11.2,33.26800264518446,111,8.8,15,16.8,68,0,135068.8,61077.56172736433,12935815.2,1.0,1.0,3,data_flood
10,480.7,124.01697464460258,647,299,11.2,1.4,14,15.2,45.26764849205225,151,10.5,19,26.0,104,0,194611.2,89287.68792705968,13455452.0,1.0,1.0,3,data_flood
10,498.7,126.25533652087739,658,284,14.4,1.42828568570857,17,19.2,57.26744275764372,191,12.3,23,34.0,133,0,244771.2,108636.60808843399,13933854.8,1.0,1.0,3,data_flood
10,496.4,130.6714965093765,680,265,18.0,1.61245154965971,20,23.2,69.26730830629988,231,14.3,28,43.2,167,0,305593.6,138714.23087426898,14489524.8,1.0,1.0,3,data_flood
10,521.8,149.87981852137398,723,310,21.7,1.7349351572897471,24,26.2,78.26723452377757,261,15.7,32,50.5,199,0,366275.2,163565.39703299105,15011871.6,1.0,1.0,3,data_flood
10,455.7,116.08621795889468,591,283,25.3,1.8466185312619388,27,30.2,90.26715903361531,301,17.3,36,60.1,235,0,418835.2,188205.5238534725,15539153.6,1.0,1.0,3,data_flood
10,464.8,114.39388095523292,642,299,28.5,1.857417562100671,30,34.2,102.26710125939819,341,18.7,40,69.1,262,0,471852.8,219597.4171126792,16021960.8,1.0,1.0,3,data_flood
10,441.7,94.59815008762064,572,301,32.5,2.0124611797498106,34,38.2,114.2670556197192,381,20.6,44,76.0,292,0,527433.6,247568.85818503104,16559628.4,1.0,1.0,3,data_flood
10,444.6,106.83370254746393,593,298,36.1,1.8138357147217055,38,42.2,126.2670186549124,421,21.9,49,83.3,322,0,580073.6,274647.58064224775,17052118.4,1.0,1.0,3,data_flood
10,451.8,105.57158708667782,626,298,39.6,1.624807680927192,42,46.2,138.26698810634446,461,23.4,52,91.0,355,0,634012.8,294386.62941811746,17577408.4,1.0,1.0,3,data_flood
10,443.1,102.88192261034004,597,286,43.2,1.7776388834631178,45,50.2,150.2669624368577,501,24.9,57,100.8,392,0,687648.0,318924.91244178463,18089626.4,1.0,1.0,3,data_flood
10,475.0,115.932739120578,679,310,46.8,1.6,48,53.2,159.26694572321026,531,26.6,61,107.6,419,0,743036.8,341018.37989551236,18598831.6,1.0,1.0,3,data_flood
10,509.6,142.53294356042747,814,299,50.6,1.5620499351813308,52,57.2,171.2669261708168,571,27.9,66,112.9,440,0,803897.6,372897.7031249187,19139690.0,1.0,1.0,3,data_flood
10,484.7,125.38823708785445,737,285,54.2,1.7776388834631178,56,61.2,183.26690917893495,611,29.4,70,119.9,472,0,858038.4,395327.1327949044,19650494.4,1.0,1.0,3,data_flood
10,461.4,112.4332690977186,624,302,57.8,1.8867962264113207,60,64.2,192.26689782695303,641,30.8,74,127.2,507,0,908169.6,418358.19552225823,20151608.0,1.0,1.0,3,data_flood
10,489.0,116.45943499777079,613,324,61.4,1.9078784028338913,63,68.2,204.26688424705557,681,32.5,78,135.4,533,0,965225.6,449161.00898346014,20648966.8,1.0,1.0,3,data_flood
10,447.1,109.53670617651419,575,284,65.4,1.907878402833891,67,72.2,216.26687217417282,721,33.8,82,142.9,569,0,1018364.8,473795.27940510336,21196060.4,1.0,1.0,3,data_flood
10,461.5,98.40248980589871,578,294,68.9,1.9723082923316018,71,76.2,228.26686137063345,761,35.0,86,149.8,604,0,1071792.0,503893.33306802146,21694728.0,1.0,1.0,3,data_flood
10,452.9,104.69044846594173,589,301,72.3,2.1,75,79.2,237.26685398512788,791,36.0,89,155.0,629,0,1119644.8,523072.15180714795,22186611.2,1.0,1.0,3,data_flood
10,459.5,89.66521064493185,550,323,76.2,2.1354156504062622,79,83.2,249.2668449673963,831,37.4,94,164.2,664,0,1175612.8,553047.4940872258,22719974.4,1.0,1.0,3,data_flood
10,501.6,125.41387483049871,719,320,79.8,1.8867962264113207,82,87.2,261.26683677803425,871,38.6,98,173.4,701,0,1226179.2,576047.7908085057,23211253.6,1.0,1.0,3,data_flood
10,489.1,113.62697743053803,748,332,83.7,1.8466185312619388,86,90.2,270.26683111325366,901,39.7,101,181.9,738,0,1284915.2,606351.3829080956,23752067.6,1.0,1.0,3,data_flood
10,485.0,117.87281281109738,653,315,87.4,2.1071307505705477,90,94.2,282.26682412214154,941,40.9,105,190.1,765,0,1341075.2,636402.8835655602,24263147.6,1.0,1.0,3,data_flood
10,454.3,113.59757919955865,630,284,91.0,1.9493588689617927,93,97.2,291.2668192568456,971,42.1,109,198.5,802,0,1390662.4,655834.0122956722,24754871.6,1.0,1.0,3,data_flood
10,482.2,121.66823743278275,677,330,94.8,1.9390719429665315,97,101.2,303.26681321898707,1011,43.5,114,206.7,830,0,1447068.8,683363.8869587418,25282973.6,1.0,1.0,3,data_flood
10,438.6,117.80594212517467,592,285,98.5,1.91049731745428,101,105.2,315.2668076407664,1051,45.0,119,214.3,865,0,1498444.8,701607.4343524019,25804521.6,1.0,1.0,3,data_flood
10,464.7,111.51954985561949,614,306,102.1,1.9209372712298545,105,108.2,324.26680372804117,1081,46.4,123,221.6,896,0,1553292.8,730857.4776494798,26311188.8,1.0,1.0,3,data_flood
10,486.5,126.12236122115698,655,305,105.8,2.1354156504062622,108,112.2,336.266798836876,1121,47.7,126,230.2,932,0,1611264.0,765030.0201043094,26834260.4,1.0,1.0,3,data_flood
10,492.2,130.74004742235638,684,301,109.2,2.039607805437114,112,116.2,348.2667942827739,1161,49.0,130,237.3,957,0,1661852.8,781469.3861730989,27318381.6,1.0,1.0,3,data_flood
10,455.8,114.11643177036338,578,283,113.0,2.0,116,120.2,360.26679003205385,1201,50.7,135,246.1,993,0,1717136.0,809809.9221600092,27849900.0,1.0,1.0,3,data_flood
10,446.2,120.92625852146423,602,267,116.6,1.8,119,123.2,369.26678702531586,1231,52.0,139,253.1,1023,0,1768550.4,833795.0260675822,28369812.0,1.0,1.0,3,data_flood
10,477.5,108.41332943877335,633,319,120.4,2.1540659228538015,123,127.2,381.26678323714486,1271,53.6,143,259.9,1051,0,1827500.8,863305.0951496579,28891850.8,1.0,1.0,3,data_flood
10,464.8,103.38645946157553,588,307,123.9,1.9723082923316018,127,131.2,393.2667796801555,1311,54.8,147,266.5,1074,0,1878358.4,887153.9101521448,29379220.4,1.0,1.0,3,data_flood
10,464.7,120.5471277136042,627,308,127.9,1.9723082923316018,131,135.2,405.26677633381195,1351,56.3,151,273.5,1101,0,1937417.6,915086.5501766704,29922152.4,1.0,1.0,3,data_flood
10,482.6,121.8041050211363,630,314,131.5,1.9621416870348585,134,139.2,417.2667731799406,1391,57.7,155,281.7,1137,0,1993331.2,945028.5901229443,30436556.4,1.0,1.0,3,data_flood
10,483.0,123.62119559363597,658,297,135.0,2.23606797749979,138,142.2,426.26677093106844,1421,59.2,161,287.5,1160,0,2048099.2,972334.0879492809,30937925.2,1.0,1.0,3,data_flood
10,468.7,124.98723934866311,659,294,138.8,2.521904042583698,142,147.2,441.26676738680425,1471,60.4,164,295.7,1194,0,2105872.0,1004410.3127403661,31489324.0,0.9993055555555556,0.9930555555555556,3,data_flood
10,479.2,140.10910034683684,661,290,142.1,2.2561028345356955,146,150.2,450.2667653735949,1501,61.8,170,301.3,1216,0,2158809.6,1026627.603140613,31973502.0,0.9993197278911564,0.9931972789115646,3,data_flood
3,370.6666666666667,44.850368510811094,432,326,1.3333333333333333,0.4714045207910317,2,0.0,0.0,0,3.6666666666666665,5,15.666666666666666,26,0,34250.666666666664,4120.786117019691,2150017.3333333335,1.0,1.0,3,data_flood_a5
10,550.5,145.26338148342825,732,345,3.7,1.1,5,7.2,21.26875642815066,71,5.5,8,14.6,42,0,81555.2,32400.976419855004,11756924.0,1.0,1.0,3,data_flood_a5
10,501.4,116.99162363177972,658,329,7.4,1.1135528725660042,9,11.2,33.26800264518446,111,8.2,13,26.2,74,0,140060.8,61776.66005345385,12287872.0,1.0,1.0,3,data_flood_a5
10,504.3,118.53358173952225,645,315,11.2,1.16619037896906,13,15.2,45.26764849205225,151,10.7,19,37.3,110,0,200915.2,93834.97038183578,12838196.4,1.0,1.0,3,data_flood_a5
10,470.1,121.68931752623152,688,298,14.8,0.8717797887081348,16,18.2,54.26748566130552,181,12.5,23,47.2,147,0,250476.8,112011.72619757273,13324376.8,1.0,1.0,3,data_flood_a5
10,501.3,126.55990676355604,703,320,18.7,1.004987562112089,20,23.2,69.26730830629988,231,14.5,26,59.6,179,0,312304.0,138577.78453994708,13863529.2,1.0,1.0,3,data_flood_a5
10,504.7,119.20322982201446,692,319,22.3,1.004987562112089,24,26.2,78.26723452377757,261,16.5,30,71.7,217,0,366854.4,166100.61547580129,14368734.8,1.0,1.0,3,data_flood_a5
10,502.1,129.70539695787525,683,321,26.0,0.8944271909999159,27,30.2,90.26715903361531,301,18.1,35,82.8,243,0,421340.8,191276.20717946076,14892823.2,1.0,1.0,3,data_flood_a5
10,475.1,120.9846684501801,631,326,29.7,0.9,31,33.2,99.26711439343849,331,20.4,39,93.0,280,0,477980.8,215083.3348954772,15411752.8,1.0,1.0,3,data_flood_a5
10,463.5,119.58114399854185,652,310,33.5,0.9219544457292888,35,37.2,111.26706610673259,371,22.7,44,103.5,314,0,537164.8,246632.70349765048,15937189.2,1.0,1.0,3,data_flood_a5
10,483.5,143.14276090672556,647,284,37.1,1.2206555615733703,39,41.2,123.26702722139447,411,24.4,48,114.8,340,0,591939.2,273604.7069349502,16456760.8,1.0,1.0,3,data_flood_a5
10,455.6,120.60696497300644,637,312,40.8,1.0770329614269007,42,45.2,135.26699523534927,451,26.1,52,127.3,375,0,644163.2,294355.85562947445,16970767.6,1.0,1.0,3,data_flood_a5
10,456.2,116.88609840353129,603,294,44.6,0.9165151389911679,46,48.2,144.2669747378103,481,28.3,57,139.0,409,0,700217.6,320356.89691192855,17497366.4,1.0,1.0,3,data_flood_a5
10,556.9,137.08643258907864,692,297,48.2,1.0770329614269007,50,52.2,156.26695108051476,521,29.6,60,148.4,433,0,759142.4,352092.4512190513,18017597.6,1.0,1.0,3,data_flood_a5
10,530.6,131.78178933373152,703,295,51.7,1.1874342087037917,53,55.2,165.2669355920899,551,31.9,65,159.5,470,0,819664.0,386941.4410103937,18514390.8,1.0,1.0,3,data_flood_a5
10,520.7,126.8322119967952,674,351,55.6,1.2806248474865698,57,59.2,177.2669173873117,591,33.7,69,172.6,505,0,882089.6,419087.69892403187,19054519.2,1.0,1.0,3,data_flood_a5
10,462.8,133.107325117741,690,286,59.5,1.2041594578792296,61,63.2,189.2669014909897,631,35.4,72,184.0,530,0,934524.8,437742.78643349453,19581251.6,1.0,1.0,3,data_flood_a5
10,500.9,115.03864568048428,654,328,63.1,1.2206555615733703,65,67.2,201.2668874902178,671,37.0,76,194.6,567,0,992076.8,461164.489889844,20092690.8,1.0,1.0,3,data_flood_a5
10,530.4,112.22762583250169,698,343,66.8,1.2489995996796797,69,70.2,210.2668780383634,701,39.0,81,207.2,603,0,1048876.8,490341.2428513025,20605727.6,0.9984848484848484,0.9848484848484849,3,data_flood_a5
10,500.1,102.50507304519128,639,336,70.6,1.1135528725660042,72,74.2,222.26686662658472,741,40.3,84,218.0,631,0,1102188.8,515350.8333143161,21133774.4,1.0,1.0,3,data_flood_a5
10,509.0,139.925694566795,699,323,74.6,1.1135528725660042,76,78.2,234.266856383911,781,42.1,88,228.9,662,0,1164009.6,547217.4706076552,21667546.4,1.0,1.0,3,data_flood_a5
10,523.5,146.86609547475553,737,299,78.3,1.004987562112089,80,82.2,246.26684713943934,821,43.6,92,239.3,690,0,1220659.2,568551.2265111738,22185099.6,0.9987341772151899,0.9873417721518988,3,data_flood_a5
10,511.7,158.6947069060591,751,286,81.8,0.9797958971132712,83,85.2,255.26684077647062,851,45.3,96,251.0,725,0,1276307.2,598071.9705314403,22687858.8,1.0,1.0,3,data_flood_a5
10,553.6,174.51315136688123,788,287,85.4,1.1135528725660042,87,89.2,267.26683295912346,891,47.2,100,261.5,764,0,1336694.4,625385.4316108107,23202483.6,1.0,1.0,3,data_flood_a5
10,498.0,150.01666574084362,733,296,89.2,1.16619037896906,91,93.2,279.2668258135935,931,48.8,104,272.7,791,0,1391395.2,649574.0171276557,23737537.2,1.0,1.0,3,data_flood_a5
10,493.5,127.26055948329002,660,314,92.7,0.7810249675906654,94,96.2,288.26682084485543,961,50.1,107,284.6,830,0,1445427.2,663777.4850217202,24238831.6,0.9967508181393174,0.9891304347826086,3,data_flood_a5
10,502.0,128.22558247089384,667,288,96.4,1.0198039027185568,98,100.2,300.26681468320805,1001,51.9,112,293.5,856,0,1501347.2,689637.9149409928,24754552.8,0.9979057017543859,0.9894736842105263,3,data_flood_a5
10,495.9,149.32946795592625,728,303,100.1,1.0440306508910548,102,104.2,312.2668089951284,1041,53.6,116,304.9,889,0,1561708.8,710079.7395871538,25279248.4,0.997989898989899,0.98989898989899,3,data_flood_a5
10,488.3,154.5406419036753,783,281,103.6,1.0198039027185568,106,108.2,324.26680372804117,1081,55.5,119,317.0,925,0,1617984.0,729043.2237655049,25812223.6,0.9980582524271846,0.9902912621359223,3,data_flood_a5
10,478.0,138.7292326800664,722,292,107.1,1.044030650891055,109,112.2,336.266798836876,1121,57.2,124,328.7,961,0,1670761.6,747394.4720698969,26307252.8,0.9981220243343326,0.9905660377358491,3,data_flood_a5
10,461.9,132.24556703345485,663,281,110.8,1.0770329614269007,113,115.2,345.2667953916217,1151,59.4,128,341.3,996,0,1726499.2,771395.1097854847,26838248.4,0.9981900081900082,0.990909090909091,3,data_flood_a5
10,479.0,144.3218625156979,802,307,114.4,1.1135528725660042,117,119.2,357.2667910679636,1191,61.4,132,351.7,1021,0,1782953.6,794593.0684765881,27342354.0,0.9973684210526315,0.9824561403508771,3,data_flood_a5
10,485.4,125.16724811227576,733,337,118.2,0.8717797887081347,120,123.2,369.26678702531586,1231,63.1,136,362.9,1055,0,1839417.6,815700.6360104423,27878799.6,0.9974576271186442,0.9830508474576272,3,data_flood_a5
10,490.9,114.86465949107236,683,337,121.9,1.0440306508910548,124,126.2,378.2667841616548,1261,64.8,139,373.4,1089,0,1895888.0,840333.4261532145,28388252.4,0.9975342094567132,0.9836065573770492,3,data_flood_a5
10,505.9,122.95401579452376,753,356,125.6,1.0198039027185568,128,130.2,390.26678054889584,1301,66.7,144,382.7,1123,0,1958928.0,871011.5903375798,28912386.0,0.9976126984126985,0.9841269841269841,3,data_flood_a5
10,486.8,137.45093670106436,713,309,129.4,0.8,131,134.2,402.26677715168074,1341,68.5,148,393.4,1160,0,2017760.0,889420.8266183112,29442807.6,0.9976744186046511,0.9844961240310077,3,data_flood_a5
10,472.3,142.2772293798273,704,290,133.1,1.1357816691600546,135,137.2,411.2667747338703,1371,70.1,152,403.8,1179,0,2072806.4,908927.3714460579,29950011.2,0.997738664843928,0.9849624060150376,3,data_flood_a5
10,494.7,149.35330595604506,744,292,137.0,1.0954451150103321,139,141.2,423.2667716700662,1411,71.7,156,414.3,1212,0,2130681.6,928952.1231825891,30480071.2,0.9978048518677542,0.9854014598540146,3,data_flood_a5
10,455.9,129.19941950333987,627,268,140.6,1.0198039027185568,143,145.2,435.26676877519606,1451,73.7,161,427.6,1248,0,2184153.6,953684.4239461186,30980300.0,0.9978672745694024,0.9858156028368794,3,data_flood_a5
10,498.9,169.7453681253188,822,296,144.2,1.077032961426901,146,148.2,444.2667667066714,1481,75.2,165,437.4,1282,0,2238236.8,964797.0077512471,31474326.8,0.997217365967366,0.9791666666666666,3,data_flood_a5
3,313.3333333333333,14.197026292697903,333,300,1.3333333333333333,0.4714045207910317,2,0.0,0.0,0,4.333333333333333,5,5.666666666666667,9,0,27338.666666666668,6738.075162009466,2350940.0,1.0,1.0,3,data_flood_a11
9,457.6666666666667,111.8570516328765,599,297,3.7777777777777777,1.227262335243029,6,7.888888888888889,21.961807476943264,70,6.222222222222222,9,6.666666666666667,30,0,74005.33333333333,30321.260366650695,9819787.555555556,1.0,1.0,3,data_flood_a11
10,473.8,117.39062994975366,624,286,7.1,1.8681541692269406,10,11.2,32.935694922075044,110,8.3,14,11.5,58,0,126214.4,59272.4811210059,14269316.8,1.0,1.0,3,data_flood_a11
10,458.5,114.78436304654045,650,306,10.8,2.0396078054371136,13,15.2,44.93506425943999,150,9.7,18,16.2,83,0,179449.6,82031.72855816217,14786902.0,1.0,1.0,3,data_flood_a11
10,490.3,120.79656452068495,720,323,14.3,1.9000000000000001,17,19.2,56.934699437162216,190,11.0,21,21.1,110,0,231785.6,107759.25480365944,15270714.4,1.0,1.0,3,data_flood_a11
10,493.6,108.07793484333423,682,340,18.0,1.8439088914585775,20,22.2,65.93451296551754,220,12.7,27,25.9,139,0,291699.2,143937.06727928008,15808977.6,1.0,1.0,3,data_flood_a11
10,467.3,115.11476881790624,613,319,21.8,1.98997487421324,24,26.2,77.93433133093528,260,13.7,31,31.4,170,0,343910.4,165995.58042502214,16337768.4,1.0,1.0,3,data_flood_a11
10,494.7,105.39549326228328,657,352,25.2,1.8867962264113207,28,30.2,89.93419816732676,300,14.8,35,35.6,187,0,396672.0,190278.51828727277,16805134.8,1.0,1.0,3,data_flood_a11
10,497.0,139.74476734389734,662,292,29.1,1.8138357147217055,32,34.2,101.93409635642041,340,16.2,39,40.1,208,0,454505.6,211533.91303107876,17356325.6,1.0,1.0,3,data_flood_a11
10,525.5,140.24852940405472,680,328,32.7,1.5524174696260025,34,38.2,113.9340159917134,380,17.5,43,42.4,221,0,512515.2,238883.98333450485,17878832.8,1.0,1.0,3,data_flood_a11
10,580.5,173.0914498177192,890,347,36.2,1.8330302779823358,38,42.2,125.93395094254764,420,18.5,47,47.0,241,0,572374.4,268922.8801226106,18373547.6,1.0,1.0,3,data_flood_a11
10,535.2,167.0453830550249,789,290,40.1,1.7578395831246947,42,45.2,134.93390974843945,450,19.6,51,53.7,272,0,626665.6,289641.8727916252,18900240.4,1.0,1.0,3,data_flood_a11
10,551.7,154.13763330218873,773,327,43.8,1.6613247725836149,46,49.2,146.9338626729727,490,20.6,56,58.4,293,0,682972.8,316115.1341283109,19411085.6,1.0,1.0,3,data_flood_a11
10,526.5,139.1454275209933,665,303,47.3,1.6763054614240211,49,52.2,155.9338321211917,520,21.5,59,61.1,312,0,736758.4,333396.1614329715,19898800.0,0.9958333333333333,0.9583333333333334,3,data_flood_a11
10,501.4,139.97299739592634,690,305,51.0,1.7888543819998317,53,56.2,167.93379647944602,560,22.5,63,65.6,336,0,790092.8,352893.03682470135,20416670.8,0.996078431372549,0.9607843137254902,3,data_flood_a11
10,478.1,127.83618423591969,642,313,54.8,1.7204650534085253,57,60.2,179.9337655916754,600,23.6,68,68.7,350,0,845964.8,372307.0205077525,20946113.6,0.9963636363636365,0.9636363636363636,3,data_flood_a11
10,454.6,130.37883263781742,607,291,58.6,1.8,61,64.2,191.93373856620417,640,24.6,72,74.8,386,0,897193.6,389599.68408693554,21450384.4,0.9965517241379309,0.9655172413793104,3,data_flood_a11
10,426.6,118.68630923573282,559,266,62.3,1.7916472867168916,65,67.2,200.93372041546436,670,26.0,77,79.5,407,0,944880.0,404325.42673049885,21947665.6,0.9967741935483871,0.967741935483871,3,data_flood_a11
10,467.3,148.39882075003158,745,283,65.9,1.8681541692269403,68,71.2,212.93369860123127,710,27.2,81,85.1,437,0,999084.8,422625.8623295077,22458753.2,0.9954545454545455,0.9545454545454546,3,data_flood_a11
10,480.1,152.40305115055932,679,270,69.6,1.6852299546352716,71,75.2,224.93367911453365,750,27.7,84,90.4,463,0,1050713.6,436717.4152669435,22952620.0,0.9957142857142858,0.9571428571428572,3,data_flood_a11
10,474.5,137.38649860885167,689,307,73.4,1.624807680927192,75,78.2,233.93366581148598,780,28.7,88,95.2,487,0,1104326.4,458030.88877917395,23470563.6,0.9958904109589041,0.958904109589041,3,data_flood_a11
10,476.8,135.7437291369292,664,292,77.0,1.6733200530681511,79,82.2,245.93364958866442,820,29.6,93,101.5,517,0,1156051.2,472553.5243192669,23972380.8,0.996103896103896,0.961038961038961,3,data_flood_a11
10,462.5,136.0597295308204,655,280,80.6,1.624807680927192,82,86.2,257.93363487532986,860,30.4,97,104.7,532,0,1203075.2,485842.3313522197,24457588.8,0.9962962962962962,0.9629629629629629,3,data_flood_a11
10,461.8,132.8252987950714,660,291,84.5,1.6278820596099706,86,90.2,269.9336214701681,900,31.3,101,109.7,558,0,1258886.4,507341.8543938988,24988904.0,0.9964705882352941,0.9647058823529412,3,data_flood_a11
10,483.3,139.72548085442398,707,324,88.1,1.57797338380595,90,93.2,278.93361217321944,930,32.1,105,115.4,589,0,1311635.2,524182.48942230036,25497672.0,0.996629213483146,0.9662921348314607,3,data_flood_a11
10,455.2,133.0381900057273,700,281,91.7,1.4866068747318506,94,97.2,290.9336006720434,970,33.0,109,119.8,609,0,1360108.8,540972.5252285554,25999574.4,0.9967391304347826,0.967391304347826,3,data_flood_a11
10,448.7,129.29040954378635,653,288,95.1,1.445683229480096,97,101.2,302.9335900820508,1010,33.8,112,123.8,632,0,1409196.8,559993.8117509515,26493289.6,0.996875,0.96875,3,data_flood_a11
10,443.5,126.23490008709953,657,295,98.9,1.6401219466856725,101,105.2,314.93358029908467,1050,34.6,116,129.7,668,0,1458521.6,577191.432283467,26996741.6,0.9969999999999999,0.97,3,data_flood_a11
10,439.2,125.94665537440842,665,284,102.6,1.6852299546352716,105,109.2,326.9335712342799,1090,35.6,120,134.4,688,0,1510726.4,595381.0679938018,27518188.0,0.9971153846153846,0.9711538461538461,3,data_flood_a11
10,440.5,119.02373712835603,628,277,106.2,1.7776388834631176,108,113.2,338.93356281135686,1130,36.3,124,138.9,707,0,1559587.2,613060.6968313659,28015205.6,0.997196261682243,0.9719626168224299,3,data_flood_a11
10,430.9,111.61491835771776,582,285,109.8,1.6,112,116.2,347.93355687544715,1160,37.6,129,144.9,739,0,1609856.0,632619.8040681307,28512934.4,0.9972972972972972,0.972972972972973,3,data_flood_a11
10,450.2,95.33184148016863,579,298,113.8,1.6,116,120.2,359.9335494226677,1200,38.8,133,149.3,761,0,1668134.4,657968.5900811984,29059782.8,0.9973913043478261,0.9739130434782609,3,data_flood_a11
10,455.7,104.43184380254904,624,299,117.6,1.7435595774162693,120,124.2,371.93354245079854,1240,40.2,138,155.3,790,0,1722777.6,680673.3685172647,29568115.6,0.9974576271186442,0.9745762711864406,3,data_flood_a11
10,493.1,114.83157231354102,652,299,121.1,1.6401219466856725,124,128.2,383.9335359147466,1280,41.3,141,159.0,809,0,1782025.6,705345.6090064218,30066133.6,0.9975409836065573,0.9754098360655737,3,data_flood_a11
10,478.7,121.78591872626326,630,313,124.7,1.5524174696260022,127,131.2,392.93353127469277,1310,42.2,145,162.9,823,0,1832438.4,720557.4271769322,30567153.2,0.9976190476190476,0.9761904761904762,3,data_flood_a11
10,463.3,136.2468715237161,647,275,128.5,1.5,131,135.2,404.93352540880085,1350,43.5,150,166.7,845,0,1887980.8,737249.1909118382,31089128.0,0.9976923076923077,0.9769230769230769,3,data_flood_a11
10,488.3,121.98856503787559,683,329,132.1,1.445683229480096,134,138.2,413.9335212325767,1380,44.4,154,171.5,868,0,1942694.4,763763.4166618874,31617878.8,0.9977611940298508,0.9776119402985075,3,data_flood_a11
10,469.9,116.758254526179,615,310,135.7,1.3453624047073711,138,142.2,425.93351593881414,1420,45.3,157,175.5,888,0,1992937.6,782056.9209098786,32108400.0,0.9978102189781023,0.9781021897810219,3,data_flood_a11
10,458.5,124.94178644472794,625,284,139.4,1.2,141,146.2,437.93351093516463,1460,46.3,162,181.6,917,0,2045142.4,799293.7281799726,32619273.6,0.997872340425532,0.9787234042553191,3,data_flood_a11
10,468.3,132.46588239995987,682,297,143.1,1.374772708486752,145,149.2,446.9335073587569,1490,47.1,166,186.8,943,0,2098368.0,819716.5781258788,33128447.6,0.9979166666666666,0.9791666666666666,3,data_flood_a11
5,419.6,138.4754129800666,693,318,1.6,0.4898979485566356,2,8.0,16.0,40,3.8,5,6.0,17,0,39052.8,8121.436089756541,4542411.2,1.0,1.0,3,data_flood_s2
10,495.1,148.76118445347228,695,288,4.4,1.2806248474865698,6,7.0,21.0,70,5.8,9,11.6,44,0,85865.6,32682.642106170057,9506642.0,1.0,1.0,3,data_flood_s2
10,525.5,173.04233586033217,827,299,8.1,1.1357816691600546,10,11.0,33.0,110,8.0,13,17.0,64,0,145974.4,50027.936745782354,10023315.2,0.9857142857142858,0.8571428571428571,3,data_flood_s2
10,467.8,135.84682550578793,668,278,11.9,1.2206555615733703,14,15.0,45.0,150,9.8,18,26.4,96,0,199132.8,70501.2079056806,10546042.4,0.990909090909091,0.9090909090909091,3,data_flood_s2
10,470.6,117.73206869837972,620,313,15.7,1.268857754044952,18,18.0,54.0,180,11.9,23,35.1,133,0,255078.4,93984.58050893243,11074307.2,0.9933333333333334,0.9333333333333333,3,data_flood_s2
10,482.3,137.69462589367822,652,304,19.3,1.268857754044952,21,22.0,66.0,220,13.3,26,42.7,167,0,308211.2,109509.19375175766,11560132.8,0.9947368421052631,0.9473684210526315,3,data_flood_s2
10,462.2,106.94465858564419,588,308,23.0,1.1832159566199232,25,26.0,78.0,260,14.8,31,51.4,195,0,361782.4,133145.18457924042,12081999.6,0.9954545454545455,0.9545454545454546,3,data_flood_s2
10,444.2,110.62169769082375,608,293,26.7,1.004987562112089,28,29.0,87.0,290,16.5,35,61.2,234,0,416342.4,151523.35340745334,12601088.4,0.9961538461538462,0.9615384615384616,3,data_flood_s2
10,456.1,88.66617167781634,549,306,30.3,1.1,32,33.0,99.0,330,18.1,39,68.3,270,0,468716.8,171264.69727810225,13091080.8,0.9966666666666667,0.9666666666666667,3,data_flood_s2
10,501.7,112.45981504519737,639,340,34.0,1.0,35,37.0,111.0,370,19.9,44,74.4,299,0,527219.2,194039.86167630609,13602705.6,0.9969696969696968,0.9696969696969697,3,data_flood_s2
10,502.7,117.78034640804891,707,327,37.6,1.2,39,41.0,123.0,410,21.4,48,81.2,328,0,585478.4,220355.48614146188,14125178.0,0.9972972972972972,0.972972972972973,3,data_flood_s2
10,488.9,136.214132893764,733,306,41.4,1.2806248474865698,43,45.0,135.0,450,22.7,52,88.8,352,0,639264.0,245611.62104102486,14641481.2,0.9974999999999999,0.975,3,data_flood_s2
10,476.5,147.69986459032384,779,302,45.0,1.1832159566199232,47,48.0,144.0,480,24.4,56,96.5,387,0,692601.6,263507.67798271077,15148551.6,0.9977272727272727,0.9772727272727273,3,data_flood_s2
10,452.1,123.67574539900698,656,288,48.6,1.3564659966250538,51,52.0,156.0,520,25.7,60,105.1,414,0,746361.6,281371.1967928487,15663944.8,0.997872340425532,0.9787234042553191,3,data_flood_s2
10,460.9,117.72718462615165,619,301,52.4,1.1135528725660042,54,56.0,168.0,560,26.9,64,113.2,446,0,798780.8,299616.3053549656,16180040.4,0.9980392156862745,0.9803921568627451,3,data_flood_s2
10,447.3,112.89734274995139,576,285,56.1,1.445683229480096,58,59.0,177.0,590,28.6,68,120.3,475,0,852140.8,323040.8128211666,16692904.8,0.9981818181818183,0.9818181818181818,3,data_flood_s2
10,445.5,114.62743999584045,603,298,59.7,1.6155494421403513,62,63.0,189.0,630,30.2,72,128.8,511,0,904992.0,342438.26627291524,17204552.0,0.9983050847457626,0.9830508474576272,3,data_flood_s2
10,466.8,128.87342627555148,653,277,63.2,1.4000000000000001,65,67.0,201.0,670,31.7,77,136.0,537,0,961984.0,366577.55418465,17708306.4,0.9967741935483871,0.9838709677419355,3,data_flood_s2
10,487.0,120.16405452546947,636,278,67.1,1.5132745950421556,69,71.0,213.0,710,33.1,82,144.8,572,0,1017699.2,397026.52874507016,18242725.6,0.9969696969696968,0.9848484848484849,3,data_flood_s2
10,474.2,111.66718407840327,623,294,70.8,1.469693845669907,73,74.0,222.0,740,34.6,87,153.1,609,0,1070326.4,418145.0466781114,18751714.0,0.9971221532091098,0.9855072463768116,3,data_flood_s2
10,449.8,106.42067468307087,578,301,74.6,1.42828568570857,77,78.0,234.0,780,35.5,90,159.8,634,0,1119273.6,434426.6552529207,19260748.8,0.9972602739726029,0.9863013698630136,3,data_flood_s2
10,439.1,97.99229561552275,554,292,78.2,1.0770329614269007,80,82.0,246.0,820,36.8,95,169.4,671,0,1168188.8,453016.5887533921,19760339.2,0.9974025974025974,0.987012987012987,3,data_flood_s2
10,462.3,95.15571448946196,583,309,81.8,1.2489995996796797,83,85.0,255.0,850,37.9,98,176.0,706,0,1219772.8,477008.95554461033,20255480.0,0.9975154320987654,0.9875,3,data_flood_s2
10,452.7,127.92736220214971,652,292,85.6,1.2806248474865698,87,89.0,267.0,890,39.2,103,182.8,734,0,1275459.2,496428.61778845906,20783044.8,0.9976330532212885,0.9880952380952381,3,data_flood_s2
10,451.5,138.1443086051684,683,277,89.4,1.2806248474865698,91,93.0,279.0,930,40.3,106,188.6,755,0,1326361.6,512550.8470392376,21300732.8,0.9977272727272727,0.9886363636363636,3,data_flood_s2
10,474.0,121.5508124201562,668,307,93.4,1.2806248474865698,95,97.0,291.0,970,41.8,110,197.5,798,0,1387340.8,538924.034153386,21851988.8,0.9967625058438523,0.9891304347826086,3,data_flood_s2
10,531.9,149.70801581745715,763,328,96.6,1.2,99,100.0,300.0,1000,43.1,114,206.0,824,0,1440224.0,560646.5539342947,22310676.4,0.9968640350877193,0.9791666666666666,3,data_flood_s2
10,579.5,152.61340046011688,833,373,100.3,1.345362404707371,102,104.0,312.0,1040,44.5,119,213.4,854,0,1504825.6,584383.9493242777,22844918.0,0.996989898989899,0.98,3,data_flood_s2
10,536.6,159.17235940954072,816,300,104.2,1.2489995996796797,106,108.0,324.0,1080,45.8,123,220.2,875,0,1574697.6,613975.2932180903,23412658.8,0.9971060492905153,0.9807692307692307,3,data_flood_s2
10,515.5,152.34385448714366,748,288,107.6,1.2,110,112.0,336.0,1120,47.0,126,226.6,907,0,1631308.8,633200.2483911073,23905072.0,0.9972047519217331,0.9814814814814815,3,data_flood_s2
10,494.9,144.48283635089672,712,286,111.1,1.5132745950421556,114,115.0,345.0,1150,48.4,130,233.1,932,0,1687145.6,661230.9264617317,24417264.0,0.9972891072891074,0.9819819819819819,3,data_flood_s2
10,467.0,139.63309063398978,679,278,114.8,1.4,117,119.0,357.0,1190,49.7,134,241.1,968,0,1739299.2,683591.6291232362,24926731.6,0.9973836765827613,0.9826086956521739,3,data_flood_s2
10,435.5,128.4470708112879,635,264,118.3,1.6155494421403513,121,122.0,366.0,1220,51.4,139,248.9,1005,0,1788752.0,702518.9522602219,25424681.6,0.9974718701039738,0.9831932773109243,3,data_flood_s2
10,440.5,125.07457775263525,633,275,122.1,1.8681541692269403,125,126.0,378.0,1260,53.0,144,257.5,1043,0,1848182.4,729806.3002440031,25960171.6,0.9975543116086898,0.983739837398374,3,data_flood_s2
10,452.4,123.05949780492361,633,296,125.8,1.98997487421324,129,130.0,390.0,1300,54.2,146,264.9,1078,0,1905305.6,754910.0316264449,26469005.2,0.9976251968503937,0.984251968503937,3,data_flood_s2
10,437.8,124.7996794867679,617,275,129.7,1.9,133,134.0,402.0,1340,55.6,151,273.2,1106,0,1961878.4,779089.9429856864,26992244.4,0.9976863446630888,0.9846153846153847,3,data_flood_s2
10,460.2,112.48715482222848,641,306,133.4,1.8,136,138.0,414.0,1380,56.9,156,281.7,1138,0,2016396.8,799479.7476615403,27499652.8,0.9977555829873189,0.9850746268656716,3,data_flood_s2
10,547.5,177.13963418727047,882,320,137.2,1.6,139,142.0,426.0,1420,58.2,160,288.6,1165,0,2083588.8,829678.9141113326,28042830.4,0.9963714461626509,0.9855072463768116,3,data_flood_s2
10,540.3,182.36394928822966,886,312,140.7,1.8466185312619385,143,145.0,435.0,1450,59.4,163,295.1,1193,0,2142544.0,858158.6771612811,28529656.4,0.9971629778672032,0.9859154929577465,3,data_flood_s2
10,503.5,184.0762070447998,850,308,144.5,1.857417562100671,147,149.0,447.0,1490,60.9,169,300.8,1217,0,2200108.8,884040.0430764208,29059177.2,0.9972318007662835,0.9862068965517241,3,data_flood_s2
3,403.6666666666667,117.13904368550888,569,312,1.3333333333333333,0.4714045207910317,2,0.3333333333333333,0.4714045207910317,1,3.6666666666666665,4,2.0,5,0,25600.0,5137.237649424705,5582304.0,1.0,1.0,3,data_flood_s3
10,465.5,131.0093508113066,600,299,3.6,1.1135528725660044,6,8.5,24.171263930543642,81,5.6,8,9.2,35,0,71430.4,23189.92465360765,18197518.0,1.0,1.0,3,data_flood_s3
10,443.8,126.5928907956525,582,270,7.2,1.2489995996796797,10,11.5,33.17001658124397,111,7.8,13,14.6,56,0,123776.0,39104.460881081075,18685687.6,1.0,1.0,3,data_flood_s3
10,436.3,105.32810641039742,556,282,10.8,1.077032961426901,13,15.5,45.16912662427734,151,9.7,17,22.2,89,0,173692.8,55604.62106839682,19170414.0,1.0,1.0,3,data_flood_s3
10,430.6,109.39488105025755,548,284,14.3,1.2688577540449522,17,19.5,57.16861026822324,191,11.6,20,29.5,125,0,226115.2,70391.30193539539,19692914.8,1.0,1.0,3,data_flood_s3
10,463.5,107.05535951086242,579,295,18.1,1.374772708486752,21,22.5,66.16834590648311,221,13.3,25,37.2,157,0,284806.4,90092.41582641682,20230650.0,1.0,1.0,3,data_flood_s3
10,477.1,110.51556451468724,620,298,21.6,1.2,24,26.5,78.16808811785025,261,14.8,29,43.5,179,0,339756.8,114791.53647965514,20708438.4,1.0,1.0,3,data_flood_s3
10,473.3,99.45154599100006,604,324,25.5,1.284523257866513,28,30.5,90.16789894413644,301,16.2,33,49.4,208,0,395891.2,135127.25385857586,21239954.0,1.0,1.0,3,data_flood_s3
10,471.0,126.68701590928725,624,299,29.2,1.32664991614216,32,34.5,102.16775420845855,341,18.2,37,57.3,247,0,452409.6,159159.51970975535,21757545.6,1.0,1.0,3,data_flood_s3
10,473.4,138.47902368228915,709,295,33.1,1.445683229480096,36,38.5,114.16763989852817,381,20.1,43,65.2,272,0,511507.2,182540.01991278515,22285663.6,1.0,1.0,3,data_flood_s3
10,497.2,140.42706291879782,739,301,36.6,1.2806248474865698,39,41.5,123.16756878334492,411,21.5,47,73.4,301,0,567830.4,203657.31571402,22773318.0,1.0,1.0,3,data_flood_s3
10,503.0,135.4747208891755,701,274,40.6,1.2806248474865698,43,45.5,135.16748869458218,451,22.8,51,78.9,324,0,631132.8,229315.60296360124,23323811.2,1.0,1.0,3,data_flood_s3
10,495.6,141.16670995670333,677,292,44.4,1.2806248474865698,47,49.5,147.1674216666175,491,24.0,54,88.2,364,0,686713.6,246481.5913950573,23835502.8,1.0,1.0,3,data_flood_s3
10,507.9,137.55613399627075,689,331,47.8,1.4,50,53.5,159.16736474541506,531,25.4,59,96.2,390,0,742470.4,266573.1480262781,24325187.2,1.0,1.0,3,data_flood_s3
10,476.4,136.01338169459652,669,305,51.2,1.6613247725836149,54,56.5,168.1673273855537,561,26.7,63,104.3,424,0,793980.8,287988.3885481496,24819682.8,1.0,1.0,3,data_flood_s3
10,482.1,134.0025746021322,666,272,55.0,1.8439088914585775,58,60.5,180.1672833785313,601,28.4,67,111.3,456,0,852784.0,311700.4219182258,25339556.8,1.0,1.0,3,data_flood_s3
10,490.2,122.04818720489051,680,316,58.8,2.0396078054371136,62,64.5,192.16724486758923,641,29.9,72,117.2,480,0,912444.8,339041.00740199554,25890528.4,1.0,1.0,3,data_flood_s3
10,512.9,121.6235585731646,699,331,62.3,1.9519221295943134,65,67.5,201.1672189995179,671,31.4,77,123.1,501,0,970896.0,357006.19269026694,26380094.8,1.0,1.0,3,data_flood_s3
10,515.6,125.24312356373103,698,367,66.0,2.1447610589527217,69,71.5,213.16718790658192,711,32.9,81,130.7,532,0,1033689.6,386009.11018969485,26901236.0,1.0,1.0,3,data_flood_s3
10,528.8,180.2230839820471,909,301,69.6,2.1071307505705477,73,75.5,225.1671601277593,751,33.9,84,137.1,557,0,1088220.8,409024.61622860795,27399432.8,1.0,1.0,3,data_flood_s3
10,502.9,180.16850446179544,887,278,73.3,2.2825424421026654,77,78.5,234.16714116203408,781,35.4,89,146.3,592,0,1141456.0,432421.1849611441,27897789.6,1.0,1.0,3,data_flood_s3
10,490.0,180.8175876401408,886,288,77.0,2.23606797749979,81,82.5,246.16711803163312,821,36.6,93,155.2,619,0,1195168.0,455237.77440454124,28414871.2,1.0,1.0,3,data_flood_s3
10,469.0,185.35749243016858,872,278,80.7,2.051828452868319,84,86.5,258.16709705150265,861,38.0,98,163.7,648,0,1248076.8,471906.36743421893,28917478.4,1.0,1.0,3,data_flood_s3
10,471.2,172.8171287806854,863,268,84.3,2.2825424421026654,88,90.5,270.1670779351178,901,39.2,103,170.5,677,0,1301955.2,492552.8914893912,29403014.8,1.0,1.0,3,data_flood_s3
10,476.1,138.55572886026764,679,290,88.2,2.315167380558045,92,93.5,279.1670646763332,931,40.3,107,177.8,706,0,1362265.6,511059.8463873287,29941734.4,1.0,1.0,3,data_flood_s3
10,462.8,126.35093984612855,609,283,91.8,2.2715633383201093,96,97.5,291.16704827298025,971,41.6,112,184.7,731,0,1412332.8,527776.2464463136,30452271.2,1.0,1.0,3,data_flood_s3
10,453.3,135.63336610141326,687,277,95.6,2.4576411454889016,100,101.5,303.16703316818604,1011,42.8,115,191.4,761,0,1465232.0,547579.505404649,30950371.6,1.0,1.0,3,data_flood_s3
10,487.7,122.64668768458446,654,320,99.5,2.6172504656604803,104,105.5,315.16701921362267,1051,44.1,119,198.5,795,0,1524198.4,570400.3496750682,31488804.8,1.0,1.0,3,data_flood_s3
10,464.4,127.18663451793981,628,290,102.9,2.3853720883753127,107,108.5,324.16700942569713,1081,45.7,123,206.2,827,0,1574160.0,585831.48338477,31964056.4,1.0,1.0,3,data_flood_s3
10,429.8,121.95310574151033,583,279,106.7,2.3259406699226015,111,112.5,336.1669971903845,1121,47.0,127,213.6,854,0,1623312.0,602718.9796434155,32477678.0,1.0,1.0,3,data_flood_s3
10,431.9,113.75187910535807,568,285,110.4,2.4979991993593593,115,116.5,348.16698579848145,1161,48.3,132,222.4,889,0,1674742.4,621784.3570813277,32980742.8,1.0,1.0,3,data_flood_s3
10,460.9,100.99054411181277,607,330,114.2,2.4819347291981715,118,120.5,360.16697516568615,1201,50.3,136,230.8,932,0,1733337.6,641748.1241962768,33502476.0,1.0,1.0,3,data_flood_s3
10,476.2,99.9957999117963,596,332,117.9,2.3,122,124.5,372.1669652185696,1241,51.6,139,237.9,957,0,1786230.4,664735.4469819103,34007574.8,1.0,1.0,3,data_flood_s3
10,495.8,141.35968307830916,720,296,121.6,2.3748684174075834,126,127.5,381.1669581692516,1271,53.1,144,245.9,991,0,1843955.2,685610.4426294571,34510576.0,1.0,1.0,3,data_flood_s3
10,474.3,131.85374473256343,637,297,125.5,2.3345235059857505,130,131.5,393.16694927218896,1311,54.5,148,253.3,1018,0,1901942.4,704781.8141835387,35052046.8,1.0,1.0,3,data_flood_s3
10,460.1,132.47901720649952,636,290,129.1,2.5475478405713994,134,135.5,405.1669409021422,1351,56.1,153,260.8,1052,0,1957350.4,726083.5256044859,35556819.6,1.0,1.0,3,data_flood_s3
10,482.7,139.3808092959716,659,312,132.8,2.481934729198171,137,139.5,417.1669330136318,1391,57.3,157,268.6,1081,0,2011014.4,737052.1329538637,36069571.2,1.0,1.0,3,data_flood_s3
10,468.3,136.22338272117602,634,296,136.3,2.72213151776324,141,142.5,426.1669273887874,1421,58.8,161,275.4,1113,0,2064016.0,761881.0402134969,36568341.2,1.0,1.0,3,data_flood_s3
10,463.5,122.80004071660564,608,295,139.9,2.662705391138869,145,146.5,438.16692024843684,1461,59.9,165,282.9,1138,0,2114272.0,781336.0853430488,37058973.2,1.0,1.0,3,data_flood_s3
10,471.9,140.00103571045466,741,276,143.5,3.0740852297878796,149,149.5,447.1669151446694,1491,61.1,169,291.4,1171,0,2167788.8,798994.8009579036,37587564.0,0.9993055555555556,0.9930555555555556,3,data_flood_s3
3,295.6666666666667,2.357022603955158,299,294,1.6666666666666667,0.4714045207910317,2,0.0,0.0,0,5.333333333333333,6,1.0,2,0,31018.666666666668,8258.080702493098,4227068.0,1.0,1.0,3,data_flood_s4
9,444.22222222222223,128.0440703453982,629,290,3.7777777777777777,1.314684396244359,6,8.11111111111111,21.885786582185883,70,6.888888888888889,9,8.88888888888889,30,0,78876.44444444444,26557.611435063252,13168400.0,1.0,1.0,3,data_flood_s4
10,439.2,121.39917627397642,629,273,7.2,1.7204650534085253,10,11.5,32.83976248391575,110,8.6,13,15.1,56,0,126412.8,42741.90587421202,16591522.8,1.0,1.0,3,data_flood_s4
10,430.6,112.81329708859678,589,278,11.0,2.0,14,14.5,41.838379509727666,140,10.8,18,23.3,91,0,180569.6,62169.68993199177,17117815.6,1.0,1.0,3,data_flood_s4
10,430.5,103.38205840473482,562,275,14.4,1.9078784028338913,17,18.5,53.83725475913496,180,12.4,21,29.6,114,0,231692.8,82293.49133534194,17616214.8,1.0,1.0,3,data_flood_s4
10,435.7,101.25912304577795,573,286,18.1,1.972308292331602,21,22.5,65.83654000629134,220,14.0,25,36.4,149,0,283062.4,104762.05437008193,18128278.4,1.0,1.0,3,data_flood_s4
10,433.4,92.65872867679548,556,300,21.5,2.0124611797498106,25,25.5,74.83615436405053,250,15.4,29,43.4,174,0,331574.4,122430.64844000459,18625101.2,1.0,1.0,3,data_flood_s4
10,448.2,93.01913781582799,597,335,25.4,2.2,29,29.5,86.8357645213077,290,17.1,35,52.2,217,0,390582.4,150049.3662893649,19168006.8,1.0,1.0,3,data_flood_s4
10,439.6,112.16077745807577,590,290,28.9,2.1656407827707715,32,33.5,98.83546934172975,330,18.8,38,58.1,243,0,440985.6,167544.89934533968,19649083.6,1.0,1.0,3,data_flood_s4
10,502.1,102.93536807142625,669,349,32.9,2.1656407827707715,36,37.5,110.83523807887093,370,20.6,43,65.0,275,0,503964.8,193409.4535749481,20205326.0,1.0,1.0,3,data_flood_s4
10,456.5,103.75379511131148,576,296,36.4,2.1071307505705477,40,41.5,122.83505200064027,410,22.1,47,70.0,299,0,554060.8,212334.70270721175,20695816.4,1.0,1.0,3,data_flood_s4
10,441.9,107.47506687599687,558,274,40.1,2.2561028345356955,44,44.5,131.83493467211184,440,23.8,53,80.2,335,0,606972.8,235521.01628041602,21206415.6,1.0,1.0,3,data_flood_s4
10,449.2,106.90257246670915,587,275,43.8,2.181742422927143,47,48.5,143.8348010740099,480,25.3,57,87.0,370,0,658944.0,255530.18970289986,21712519.2,1.0,1.0,3,data_flood_s4
10,462.2,106.22221989772197,614,309,47.7,2.051828452868319,51,52.5,155.83468805115245,520,27.0,63,96.0,403,0,717091.2,280978.5285735549,22251098.0,1.0,1.0,3,data_flood_s4
10,436.6,102.11385802132833,563,299,51.5,2.1563858652847827,55,56.5,167.83459119025494,560,28.2,65,103.8,430,0,768598.4,303679.84153420525,22758479.6,1.0,1.0,3,data_flood_s4
10,457.3,110.69963866246357,590,298,55.2,2.0880613017821097,59,59.5,176.83452717159057,590,30.1,71,113.6,464,0,825542.4,325315.0459979372,23271065.2,1.0,1.0,3,data_flood_s4
10,441.6,122.27199188694031,609,289,58.9,2.3,63,63.5,188.83445130589914,630,31.3,74,120.6,483,0,877030.4,345316.10793219594,23780543.6,1.0,1.0,3,data_flood_s4
10,446.1,125.41327680911618,592,277,62.6,2.244994432064365,67,67.5,200.83438450623936,670,33.0,78,127.6,515,0,930262.4,365769.3510055757,24287044.8,1.0,1.0,3,data_flood_s4
10,444.4,105.17623305671296,578,272,66.3,2.2825424421026654,71,70.5,209.8343394204104,700,34.4,82,136.8,552,0,983820.8,384533.50730795885,24807778.4,1.0,1.0,3,data_flood_s4
10,442.5,109.4506738215896,575,298,69.9,2.211334438749598,74,74.5,221.8342849967065,740,35.5,85,144.4,589,0,1034588.8,397213.1318868499,25303354.4,1.0,1.0,3,data_flood_s4
10,446.8,109.30855410259528,598,291,73.6,2.1071307505705477,77,78.5,233.8342361588653,780,36.7,89,153.3,624,0,1087254.4,419262.24271956563,25814170.8,1.0,1.0,3,data_flood_s4
10,435.8,111.98106982878846,600,283,77.4,2.009975124224178,81,82.5,245.83419208889555,820,38.0,93,161.5,647,0,1139363.2,440435.8385882784,26329069.2,1.0,1.0,3,data_flood_s4
10,445.5,125.39238413875063,617,272,81.1,1.9209372712298545,84,85.5,254.83416176015334,850,39.1,96,169.2,683,0,1190723.2,452455.7622815296,26824376.4,1.0,1.0,3,data_flood_s4
10,436.3,116.9128307757536,573,268,84.9,1.8681541692269403,88,89.5,266.83412450434446,890,40.4,101,177.5,717,0,1241772.8,472036.2564949434,27332880.8,1.0,1.0,3,data_flood_s4
10,456.5,100.70774548166591,614,301,88.6,2.0591260281974,92,93.5,278.83409045523825,930,41.5,105,184.0,743,0,1294918.4,489278.14106644905,27843429.2,1.0,1.0,3,data_flood_s4
10,431.4,104.31989263798157,552,289,92.4,2.009975124224178,96,97.5,290.83405921590406,970,42.6,109,190.7,774,0,1343958.4,505182.4434865487,28350841.2,1.0,1.0,3,data_flood_s4
10,441.9,105.59398657120585,548,292,95.9,1.8681541692269403,99,101.5,302.83403045232546,1010,44.0,113,198.5,806,0,1396416.0,522943.3487206812,28848142.4,1.0,1.0,3,data_flood_s4
10,452.7,107.76182069731377,603,293,99.5,1.91049731745428,103,104.5,311.8340103324203,1040,45.1,117,205.8,841,0,1449856.0,537658.359499041,29350486.0,1.0,1.0,3,data_flood_s4
10,442.0,110.23973875150466,574,270,103.3,2.0999999999999996,107,108.5,323.83398524552666,1080,46.4,120,214.6,868,0,1502700.8,560158.633750976,29868325.6,1.0,1.0,3,data_flood_s4
10,426.6,105.84157973121904,544,291,107.1,2.071231517720798,111,112.5,335.83396195143814,1120,47.7,125,221.5,902,0,1553072.0,575129.0103175113,30378523.2,1.0,1.0,3,data_flood_s4
10,433.3,97.57053858619415,545,284,110.8,1.8867962264113207,114,115.5,344.83394554480856,1150,49.4,130,228.5,935,0,1605552.0,590958.5879609501,30887663.6,1.0,1.0,3,data_flood_s4
10,481.5,84.38394397040233,587,359,114.5,1.8027756377319946,117,119.5,356.83392495669466,1190,51.0,135,234.8,958,0,1666118.4,616810.9364820309,31411972.8,1.0,1.0,3,data_flood_s4
10,478.9,99.31913209447613,619,330,118.2,1.7776388834631176,121,123.5,368.83390570824696,1230,52.4,138,242.0,988,0,1722387.2,640410.3284933497,31930773.2,1.0,1.0,3,data_flood_s4
10,497.0,142.53701273704314,826,332,121.8,1.8867962264113207,125,127.5,380.8338876728278,1270,53.8,142,247.7,1023,0,1774745.6,654388.033424084,32414184.8,0.9991735537190083,0.9917355371900827,3,data_flood_s4
10,492.4,144.50826965955963,813,311,125.6,1.7435595774162693,128,130.5,389.8338748749267,1300,55.4,146,255.7,1055,0,1831782.4,675180.1375353396,32945644.8,0.9992000000000001,0.992,3,data_flood_s4
10,437.8,119.11742106006157,633,275,129.5,1.6278820596099706,132,134.5,401.8338587028226,1340,56.8,151,262.9,1086,0,1883612.8,693989.5049830077,33462770.4,0.9992248062015504,0.9922480620155039,3,data_flood_s4
10,458.7,142.65276022566127,718,290,133.1,1.6401219466856725,135,138.5,413.8338434686076,1380,57.9,155,268.5,1111,0,1936502.4,708724.9724336233,33957150.8,0.9992481203007518,0.9924812030075187,3,data_flood_s4
10,458.7,121.97544834924771,683,301,136.9,1.8138357147217055,139,142.5,425.8338290929926,1420,59.6,160,278.5,1145,0,1993161.6,731555.2078386429,34476878.0,0.9992700729927007,0.9927007299270073,3,data_flood_s4
10,438.3,121.27658471444518,681,299,140.5,1.8027756377319946,143,145.5,434.8338188319763,1450,60.7,163,285.6,1171,0,2040934.4,748474.1503388344,34963735.2,0.9992857142857143,0.9928571428571429,3,data_flood_s4
10,474.0,120.64327581759375,696,335,144.3,1.6155494421403513,147,149.5,446.83380579360824,1490,62.0,167,294.0,1207,0,2098099.2,768499.959292751,35481709.6,0.9993055555555556,0.9930555555555556,3,data_flood_s4
4,358.0,87.9062000088731,510,299,1.0,0.0,1,0.0,0.0,0,4.25,5,2.5,6,0,25032.0,5055.765817361402,6439241.0,1.0,1.0,3,data_flood_s5
9,425.6666666666667,113.80783023246785,602,288,3.5555555555555554,1.1653431646335017,5,7.888888888888889,21.96180747694326,70,6.555555555555555,9,6.0,31,0,71633.77777777778,25430.416581451685,12722015.111111112,1.0,1.0,3,data_flood_s5
10,453.6,111.84024320431354,649,301,7.0,1.7888543819998317,9,11.2,32.935694922075044,110,8.5,15,14.7,55,0,124812.8,57679.762018926536,16372839.2,1.0,1.0,3,data_flood_s5
10,474.6,138.8043226992589,720,306,10.9,1.7,13,15.2,44.93506425943998,150,10.4,18,20.8,75,0,183808.0,79903.65526557593,16903473.2,0.9833333333333334,0.8333333333333334,3,data_flood_s5
10,495.3,160.13622326007317,765,307,14.9,1.7,17,19.2,56.93469943716222,190,12.8,23,29.3,111,0,245033.6,99729.84800469717,17445431.6,0.99,0.9,3,data_flood_s5
10,511.7,148.09662386428664,721,327,18.2,1.7776388834631176,20,23.2,68.9344616284192,230,14.2,28,37.9,138,0,297369.6,121127.25435606968,17912440.0,0.9923076923076923,0.9230769230769231,3,data_flood_s5
10,554.1,161.0524448743328,811,301,22.0,1.7888543819998317,24,26.2,77.93433133093528,260,15.7,32,45.8,171,0,359395.2,152722.84909652517,18442515.2,0.9941176470588236,0.9411764705882353,3,data_flood_s5
10,503.3,138.60450930615497,682,303,25.8,1.5999999999999999,28,30.2,89.93419816732676,300,17.3,35,53.6,206,0,415187.2,177912.68831019333,18982502.8,0.9952380952380953,0.9523809523809523,3,data_flood_s5
10,516.5,135.03721709217797,674,292,29.3,1.8466185312619388,31,34.2,101.93409635642041,340,19.1,39,61.3,233,0,472832.0,213971.23550982267,19470007.6,0.9958333333333333,0.9583333333333334,3,data_flood_s5
10,476.7,116.76305066244201,622,275,33.1,1.7000000000000002,35,38.2,113.9340159917134,380,20.7,44,69.2,267,0,525622.4,232778.47435327864,19992252.8,0.9964285714285716,0.9642857142857143,3,data_flood_s5
10,453.4,102.91860861865555,564,288,36.7,1.6155494421403513,39,41.2,122.93396601427939,410,21.9,47,78.0,301,0,573843.2,257306.59333207924,20492547.6,0.996875,0.96875,3,data_flood_s5
10,479.6,113.8465634088267,601,292,40.4,1.624807680927192,42,45.2,134.93390974843945,450,23.4,51,83.7,322,0,628086.4,284769.1521451015,21001890.8,0.9972222222222221,0.9722222222222222,3,data_flood_s5
10,462.2,101.41380576627621,568,306,44.3,1.676305461424021,46,48.2,143.93387370594874,480,24.9,56,92.0,356,0,682537.6,310852.6105649428,21535014.0,0.9974999999999999,0.975,3,data_flood_s5
10,447.3,100.49880596305609,573,306,48.0,1.5491933384829668,50,52.2,155.9338321211917,520,26.1,60,99.5,394,0,731772.8,330267.23002465745,22049802.4,0.9977272727272727,0.9772727272727273,3,data_flood_s5
10,458.6,114.58027753501035,635,315,51.7,1.6155494421403511,54,56.2,167.93379647944602,560,27.8,63,107.2,419,0,787843.2,357523.0077152518,22561560.4,0.997872340425532,0.9787234042553191,3,data_flood_s5
10,466.2,109.21336914499068,610,293,55.4,1.624807680927192,57,60.2,179.9337655916754,600,29.4,68,114.7,451,0,841436.8,386431.2968393735,23073846.4,0.9961873638344226,0.9803921568627451,3,data_flood_s5
10,531.4,152.7397787087568,739,323,59.1,1.374772708486752,61,64.2,191.93373856620414,640,30.8,71,121.0,481,0,897148.8,405697.4085351791,23567428.4,0.9946394984326019,0.9636363636363636,3,data_flood_s5
10,580.5,132.6870377994776,772,410,62.8,1.6613247725836149,65,67.2,200.93372041546436,670,32.1,75,127.2,499,0,961987.2,438978.83456148545,24090246.8,0.9966365178066704,0.9827586206896551,3,data_flood_s5
10,530.4,154.1902720666904,847,323,66.7,1.9000000000000001,69,71.2,212.93369860123127,710,33.7,80,132.7,525,0,1025356.8,457680.24408593384,24635762.0,0.9968486352357321,0.9838709677419355,3,data_flood_s5
10,535.2,153.20104438286313,848,330,70.5,1.8027756377319946,73,75.2,224.93367911453365,750,35.1,84,139.3,560,0,1084073.6,479698.7323467094,25171416.4,0.9970355731225297,0.9848484848484849,3,data_flood_s5
10,503.5,119.03129840508336,696,333,74.1,1.7,76,79.2,236.93366160172343,790,36.3,88,146.4,595,0,1136348.8,501339.47529968154,25657312.8,0.9958317025440312,0.9857142857142858,3,data_flood_s5
10,515.5,134.67832045284794,694,319,77.8,1.8867962264113207,80,82.2,245.93364958866442,820,37.4,93,151.9,617,0,1189417.6,518516.93674694945,26172348.0,0.9973314356876001,0.9863013698630136,3,data_flood_s5
10,529.1,149.03117123608737,794,326,81.7,1.9,84,86.2,257.93363487532986,860,38.8,98,160.4,658,0,1245500.8,540825.811918921,26706418.8,0.9962464794241903,0.987012987012987,3,data_flood_s5
10,484.9,138.82395326455733,673,292,85.1,1.9723082923316018,87,90.2,269.93362147016813,900,39.9,101,166.8,683,0,1295478.4,562860.2760933125,27187809.2,0.9964100985221676,0.9875,3,data_flood_s5
10,457.0,117.96694452260769,597,300,88.8,1.8867962264113207,91,94.2,281.9336092061392,940,41.1,105,173.3,712,0,1347206.4,578710.2746078041,27699353.6,0.9965620490620491,0.9880952380952381,3,data_flood_s5
10,458.6,98.04305176808809,562,319,92.5,1.8027756377319946,95,97.2,290.9336006720434,970,42.4,109,180.8,743,0,1399324.8,595959.8123922115,28208786.0,0.9967128500546633,0.9886363636363636,3,data_flood_s5
10,419.4,104.25852483130576,527,281,96.1,2.0223748416156684,99,101.2,302.93359008205084,1010,43.7,113,188.9,769,0,1449884.8,616873.6675613249,28715329.2,0.9968280591588863,0.989010989010989,3,data_flood_s5
10,412.9,109.12786078724352,553,269,99.9,2.0223748416156684,103,105.2,314.93358029908467,1050,44.9,117,195.7,804,0,1500240.0,629420.9469815888,29223034.4,0.9969471684010507,0.9894736842105263,3,data_flood_s5
10,411.6,103.57528662765073,530,276,103.6,2.1071307505705477,106,109.2,326.9335712342799,1090,46.0,119,203.6,839,0,1550153.6,647915.9186220384,29735899.2,0.9970666442511102,0.98989898989899,3,data_flood_s5
10,418.0,107.8322771715408,534,283,107.2,2.039607805437114,110,113.2,338.93356281135686,1130,47.4,124,212.5,873,0,1599596.8,665017.5872195862,30237890.0,0.9971771155816793,0.9902912621359223,3,data_flood_s5
10,414.7,114.94524783565434,565,272,110.9,2.0223748416156684,114,116.2,347.9335568754471,1160,48.9,129,220.0,904,0,1650374.4,682741.9811488377,30741705.2,0.9972713738994443,0.9906542056074766,3,data_flood_s5
10,416.1,106.99200904740502,549,283,114.7,2.0518284528683193,118,120.2,359.9335494226677,1200,50.6,134,226.6,938,0,1706540.8,703176.7324769499,31260264.4,0.997367205261942,0.990990990990991,3,data_flood_s5
10,443.3,109.52995024193154,623,296,118.3,2.0999999999999996,121,124.2,371.93354245079854,1240,52.0,138,232.5,963,0,1761321.6,725290.8394054346,31768568.0,0.9974489031094335,0.9912280701754386,3,data_flood_s5
10,491.3,104.80653605572508,636,331,122.3,2.1,125,128.2,383.9335359147466,1280,53.9,143,239.5,995,0,1825030.4,745779.479829688,32321662.8,0.997532870241734,0.9915254237288136,3,data_flood_s5
10,479.5,124.152527159136,712,296,125.9,2.118962010041709,129,131.2,392.93353127469277,1310,55.4,149,248.6,1029,0,1873849.6,759026.2379595583,32811447.2,0.9975990778688525,0.9918032786885246,3,data_flood_s5
10,484.7,131.07253716930944,693,318,129.5,2.0124611797498106,133,135.2,404.93352540880085,1350,57.0,153,256.6,1056,0,1930230.4,780702.9736501841,33319617.2,0.9976735796503238,0.9920634920634921,3,data_flood_s5
10,481.8,133.19144116646535,653,301,133.5,2.0124611797498106,137,139.2,416.933519880568,1390,58.4,158,263.5,1092,0,1986819.2,803275.4670458697,33870841.2,0.9977435954138739,0.9923076923076923,3,data_flood_s5
10,510.4,129.66819193618764,662,301,137.0,1.8439088914585775,139,143.2,428.9335146616548,1430,59.5,161,269.0,1116,0,2043329.6,825985.9091392781,34378464.0,0.9977985404688191,0.9924812030075187,3,data_flood_s5
10,515.1,145.7494082320748,724,319,140.2,1.7776388834631178,143,146.2,437.93351093516463,1460,60.8,166,274.4,1140,0,2094825.6,843129.0285486795,34848865.6,0.9978564865791142,0.9927007299270073,3,data_flood_s5
10,534.5,174.90354484686696,866,304,144.2,1.7776388834631178,147,150.2,449.9335061984159,1500,62.1,170,280.1,1166,0,2157168.0,872230.4901691984,35399832.4,0.997916063588556,0.9929078014184397,3,data_flood_s5
